orgnr,name,org_form,status,freshness_status,industry_code,industry_description,employee_count,ceo_name,board_chair,revenue,currency,latest_financial_year,last_verified_at
923609016,EQUINOR ASA,ASA,Active / Operating,CURRENT,06.100,Utvinning av råolje,21239,Anders Opedal,Jarle Kjell Roth,67956000000.0,USD,2025,2026-09-14T10:04:55.060657+00:00
989951750,2CARE HJEMMETJENESTER AS,AS,Active / Operating,CURRENT,88.101,Praktisk bistand i hjemmet,529,,,,NOK,,2026-09-14T10:08:23.344543+00:00
919742356,3B-FIBREGLASS NORWAY AS,AS,Active / Operating,CURRENT,23.140,Produksjon av glassfibre,338,,,,NOK,,2026-09-14T10:08:27.334429+00:00
986587098,2CARE BPA AS,AS,Active / Operating,CURRENT,88.104,Brukerstyrt personlig assistanse (bpa),240,,,,NOK,,2026-09-14T10:08:23.344543+00:00
995251094,24SEVENOFFICE NORWAY AS,AS,Active / Operating,CURRENT,58.290,Utgivelse av annen programvare,136,,,,NOK,,2026-09-14T10:08:22.771295+00:00
929369661,1814SALMON AS,AS,Active / Operating,CURRENT,10.203,"Frysing og videre bearbeiding av fisk, skalldyr og bløtdyr",77,,,,NOK,,2026-09-14T10:08:19.576693+00:00
929455568,1X TECHNOLOGIES AS,AS,Active / Operating,CURRENT,28.990,Produksjon av andre spesialmaskiner ikke nevnt annet sted,69,,,,NOK,,2026-09-14T10:08:20.388018+00:00
983569285,2ENTERTAIN NORGE AS,AS,Active / Operating,CURRENT,90.202,Utøvende kunstnerisk virksomhet og underholdningsvirksomhet innenfor scenekunst,68,,,,NOK,,2026-09-14T10:08:23.924825+00:00
921439156,360 LOGISTICS AS,AS,Active / Operating,CURRENT,82.920,Pakkevirksomhet,62,,,,NOK,,2026-09-14T10:08:26.761638+00:00
986897399,3T BYÅSEN AS,AS,Active / Operating,CURRENT,93.130,Treningssentervirksomhet,55,,,,NOK,,2026-09-14T10:08:29.828951+00:00
980292738,1-2-TRE ELEMENTPRODUKSJON AS,AS,Active / Operating,CURRENT,16.230,Produksjon av andre bygningsartikler,48,Robin Christensen,Thomas Beck,106022831.0,NOK,2025,2026-09-14T10:08:13.288907+00:00
919871466,2TAL UTEMILJØ ANLEGGSGARTNER AS,AS,Active / Operating,CURRENT,43.120,Grunnarbeid,47,,,,NOK,,2026-09-14T10:08:25.221218+00:00
878703812,3 STEP IT AS,AS,Active / Operating,CURRENT,77.330,Utleie og leasing av kontor- og datamaskiner,41,,,,NOK,,2026-09-14T10:08:26.081388+00:00
977385369,3RW ARKITEKTER AS,AS,Active / Operating,CURRENT,71.110,Arkitektvirksomhet,38,,,,NOK,,2026-09-14T10:08:29.826942+00:00
918321659,3 N LOGISTICS AS,AS,Active / Operating,CURRENT,47.553,"Detaljhandel med husholdningsredskaper og bestikk, servise, glassvarer, porselen og keramikk",38,,,,NOK,,2026-09-14T10:08:26.079386+00:00
912187691,3T FOSSEGRENDA AS,AS,Active / Operating,CURRENT,93.130,Treningssentervirksomhet,37,,,,NOK,,2026-09-14T10:08:29.828951+00:00
999577547,29-2 AURLAND AS,AS,Active / Operating,CURRENT,79.121,Aktiviteter utført av utflukts- og eventarrangører,31,,,,NOK,,2026-09-14T10:08:23.339441+00:00
935435331,1INCH INNREDNING AS,AS,Active / Operating,CURRENT,43.320,Snekkerarbeid,31,,,,NOK,,2026-09-14T10:08:20.383327+00:00
980888657,3 T LEVANGER AS,AS,Active / Operating,CURRENT,93.130,Treningssentervirksomhet,30,,,,NOK,,2026-09-14T10:08:26.082387+00:00
952621378,3PL SOLUTIONS AS,AS,Active / Operating,CURRENT,52.100,Lagring,28,,,,NOK,,2026-09-14T10:08:29.825566+00:00
955497643,2TAL AS,AS,Active / Operating,CURRENT,43.320,Snekkerarbeid,27,,,,NOK,,2026-09-14T10:08:25.220218+00:00
914307635,3M NORGE AS,AS,Active / Operating,CURRENT,46.900,Uspesifisert engroshandel,27,,,,NOK,,2026-09-14T10:08:29.157089+00:00
929032470,1 OSLO RENHOLDSSERVICE AS,AS,Active / Operating,CURRENT,81.210,Rengjøring av bygninger,25,Masoud Chapar,Masoud Chapar,6195877.0,NOK,2025,2026-09-14T10:08:12.576571+00:00
925273236,1 HJELPENDE HÅND AS,AS,Active / Operating,CURRENT,81.100,Kombinerte tjenester tilknyttet eiendomsdrift,24,Milo Stanisic Waagaard,Tommy Fredriksen,37980198.0,NOK,2025,2026-09-14T10:08:12.573428+00:00
998781558,10/10 TEKSTILTRYKKERI AS,AS,Active / Operating,CURRENT,13.300,Etterbehandling av tekstiler,24,Jostein Wålengen,Jostein Wålengen,14400955.0,NOK,2025,2026-09-14T10:08:15.308832+00:00
994151010,0 - 6 ULLENSAKERGATA BARNEHAGE AS,AS,Active / Operating,CURRENT,85.100,Førskoleundervisning og drift av barnehager,23,Anders Nederhoed,Anders Nederhoed,6756433.0,NOK,2025,2026-09-14T10:08:08.815052+00:00
929431650,0186 BARDRIFT AS,AS,Active / Operating,CURRENT,56.300,Drift av barer,22,Morten Guldvik,Morten Guldvik,12105951.0,NOK,2025,2026-09-14T10:08:09.586685+00:00
933807045,2RVE RENHOLD AS,AS,Active / Operating,CURRENT,81.210,Rengjøring av bygninger,22,,,,NOK,,2026-09-14T10:08:24.631063+00:00
999286976,0 - 6 VÅLERENGGATA BARNEHAGE AS,AS,Active / Operating,CURRENT,85.100,Førskoleundervisning og drift av barnehager,21,Henrieta Nederhoed,Anders Nederhoed,6445482.0,NOK,2025,2026-09-14T10:08:08.823182+00:00
932761084,2 BYGG AS,AS,Active / Operating,CURRENT,41.000,Oppføring av bygninger,20,,,,NOK,,2026-09-14T10:08:20.389579+00:00
876624532,3-T BYGG AS,AS,Active / Operating,CURRENT,41.000,Oppføring av bygninger,19,,,,NOK,,2026-09-14T10:08:26.084899+00:00
990702438,100-METERSKOGEN BARNEHAGE AS,AS,Active / Operating,CURRENT,85.100,Førskoleundervisning og drift av barnehager,19,Ingvild Anita Hansen,Ingvild Anita Hansen,10855361.0,NOK,2025,2026-09-14T10:08:15.565367+00:00
918632514,3 T BYGG AS,AS,Active / Operating,CURRENT,41.000,Oppføring av bygninger,19,,,,NOK,,2026-09-14T10:08:26.082387+00:00
995277387,3 BYGG GAUSDAL AS,AS,Active / Operating,CURRENT,41.000,Oppføring av bygninger,17,,,,NOK,,2026-09-14T10:08:25.225757+00:00
930459615,1850 NUMMEROPPLYSNINGEN AS,AS,Active / Operating,CURRENT,62.100,Dataprogrammeringstjenester,16,,,,NOK,,2026-09-14T10:08:19.577672+00:00
916677391,2 MARINE AS,AS,Active / Operating,CURRENT,50.202,Innenriks sjøfart med gods,16,,,,NOK,,2026-09-14T10:08:21.212006+00:00
918275010,3 N SUPPORT AS,AS,Active / Operating,CURRENT,47.553,"Detaljhandel med husholdningsredskaper og bestikk, servise, glassvarer, porselen og keramikk",16,,,,NOK,,2026-09-14T10:08:26.079386+00:00
998332354,24 RENHOLDSERVICE AS,AS,Active / Operating,CURRENT,81.210,Rengjøring av bygninger,15,,,,NOK,,2026-09-14T10:08:22.764252+00:00
979420773,3D PERCEPTION AS,AS,Active / Operating,CURRENT,71.129,Annen teknisk konsulentvirksomhet,15,,,,NOK,,2026-09-14T10:08:27.948357+00:00
928624404,3 VENNER AS,AS,Active / Operating,CURRENT,56.110,Drift av restauranter,15,,,,NOK,,2026-09-14T10:08:26.083385+00:00
912610497,3P LOGISTIKK AS,AS,Active / Operating,CURRENT,52.100,Lagring,14,,,,NOK,,2026-09-14T10:08:29.824565+00:00
918488081,2STABILISE AS,AS,Active / Operating,CURRENT,71.129,Annen teknisk konsulentvirksomhet,12,,,,NOK,,2026-09-14T10:08:25.219220+00:00
985233632,2TAL ELEKTRO AS,AS,Active / Operating,CURRENT,43.210,Elektrisk installasjonsarbeid,12,,,,NOK,,2026-09-14T10:08:25.221218+00:00
988389846,3NET AS,AS,Active / Operating,CURRENT,61.100,"Kabelbasert, satellittbasert og trådløs telekommunikasjon",12,,,,NOK,,2026-09-14T10:08:29.822041+00:00
975339793,3 TS INDUSTRISERVICE AS,AS,Active / Operating,CURRENT,25.530,Bearbeiding av metaller,12,,,,NOK,,2026-09-14T10:08:26.083385+00:00
936446884,33 STREET FOOD FREDRIKSTAD AS,AS,Active / Operating,CURRENT,56.110,Drift av restauranter,11,,,,NOK,,2026-09-14T10:08:26.758661+00:00
931244558,1KELT AS,AS,Active / Operating,CURRENT,49.420,Flyttetransport,11,,,,NOK,,2026-09-14T10:08:20.383837+00:00
920941168,2 KNOP AS,AS,Active / Operating,CURRENT,56.110,Drift av restauranter,11,,,,NOK,,2026-09-14T10:08:21.212006+00:00
923065369,1-2-TREBYGG AS,AS,Active / Operating,CURRENT,41.000,Oppføring av bygninger,11,Ørjan Ragnar Fagerjord,Ørjan Ragnar Fagerjord,10131009.0,NOK,2025,2026-09-14T10:08:13.291432+00:00
922754160,3 PIKER AS,AS,Active / Operating,CURRENT,47.559,Detaljhandel med innredningsartikler ikke nevnt annet sted,11,,,,NOK,,2026-09-14T10:08:26.080389+00:00
925106461,24 T ELEKTRO AS,AS,Active / Operating,CURRENT,43.210,Elektrisk installasjonsarbeid,10,,,,NOK,,2026-09-14T10:08:22.765763+00:00
935360692,33 STREET FOOD AS,AS,Active / Operating,CURRENT,56.110,Drift av restauranter,10,,,,NOK,,2026-09-14T10:08:26.758661+00:00
987428317,180.NO NUMMEROPPLYSNINGEN AS,AS,Active / Operating,CURRENT,63.910,Drift av søkemotorer,10,,,,NOK,,2026-09-14T10:08:19.574672+00:00
998894840,3D BYGG AS,AS,Active / Operating,CURRENT,41.000,Oppføring av bygninger,10,,,,NOK,,2026-09-14T10:08:27.944340+00:00
930805653,2ND HAND AS,AS,Active / Operating,CURRENT,47.910,Formidlingstjenester tilknyttet detaljhandel med bredt vareutvalg,10,,,,NOK,,2026-09-14T10:08:24.628091+00:00
918431985,3M BUTIKKDRIFT AS,AS,Active / Operating,CURRENT,47.240,"Detaljhandel med bakervarer, konditorvarer og sukkervarer",10,,,,NOK,,2026-09-14T10:08:29.157089+00:00
930096393,2323 MEDIA AS,AS,Active / Operating,CURRENT,59.110,"Produksjon av film, video og fjernsynsprogrammer",10,,,,NOK,,2026-09-14T10:08:22.048867+00:00
898310132,3PROSJEKT AS,AS,Active / Operating,CURRENT,46.830,"Engroshandel med tømmer, trelast, byggevarer og sanitærutstyr",10,,,,NOK,,2026-09-14T10:08:29.825566+00:00
918616381,123 FLYTTING & TRANSPORT AS,AS,Active / Operating,CURRENT,49.420,Flyttetransport,9,,,,NOK,,2026-09-14T10:08:18.253554+00:00
995453975,24FITNESS AS,AS,Active / Operating,CURRENT,93.130,Treningssentervirksomhet,9,,,,NOK,,2026-09-14T10:08:22.771295+00:00
921004737,13 HUMLER AS,AS,Active / Operating,CURRENT,56.110,Drift av restauranter,9,,,,NOK,,2026-09-14T10:08:18.830704+00:00
992784490,3B FLISLEGGER AS,AS,Active / Operating,CURRENT,43.910,Murerarbeid,9,,,,NOK,,2026-09-14T10:08:27.333416+00:00
921830327,18 RESTAURANT AS,AS,Active / Operating,CURRENT,56.110,Drift av restauranter,9,,,,NOK,,2026-09-14T10:08:19.574672+00:00
828595202,3D PRODUCTION AS,AS,Active / Operating,CURRENT,32.990,Annen industriproduksjon ikke nevnt annet sted,9,,,,NOK,,2026-09-14T10:08:27.948357+00:00
932853965,1DEKKBUTIKK.NO AS,AS,Active / Operating,CURRENT,47.820,Detaljhandel med deler og utstyr til motorvogner,9,,,,NOK,,2026-09-14T10:08:20.381324+00:00
991937099,1+1 REGNSKAP AS,AS,Active / Operating,CURRENT,69.202,Regnskapsføring og bokføring,9,Trond Atle Hansen,Siv Rikstad,5784304.0,NOK,2025,2026-09-14T10:08:15.065652+00:00
924595892,3P - MILJØ AS,AS,Active / Operating,CURRENT,41.000,Oppføring av bygninger,9,,,,NOK,,2026-09-14T10:08:29.823555+00:00
922021155,2BROR PIZZA AS,AS,Active / Operating,CURRENT,56.110,Drift av restauranter,8,,,,NOK,,2026-09-14T10:08:23.343521+00:00
832950602,2CE NAIL BEAUTY AS,AS,Active / Operating,CURRENT,96.220,Skjønnhetspleie,8,,,,NOK,,2026-09-14T10:08:23.344543+00:00
984216572,3D-BEDRIFT AS,AS,Active / Operating,CURRENT,47.400,Detaljhandel med informasjons- og kommunikasjonsteknologiutstyr,8,,,,NOK,,2026-09-14T10:08:28.555272+00:00
931039113,3HUS BYGG AS,AS,Active / Operating,CURRENT,46.830,"Engroshandel med tømmer, trelast, byggevarer og sanitærutstyr",8,,,,NOK,,2026-09-14T10:08:29.152484+00:00
923177035,102 ASIA MAT AS,AS,Active / Operating,CURRENT,47.110,Detaljhandel med bredt vareutvalg med hovedvekt på nærings- og nytelsesmidler,8,Quoc Trung Le,Quoc Trung Le,9326623.0,NOK,2025,2026-09-14T10:08:16.596041+00:00
825259082,3R RENHOLD AS,AS,Active / Operating,CURRENT,81.210,Rengjøring av bygninger,7,,,,NOK,,2026-09-14T10:08:29.826432+00:00
926088378,18 CAFE OG INTERIØR AS,AS,Active / Operating,CURRENT,47.559,Detaljhandel med innredningsartikler ikke nevnt annet sted,7,,,,NOK,,2026-09-14T10:08:19.574672+00:00
934936124,2IZII AS,AS,Active / Operating,CURRENT,62.100,Dataprogrammeringstjenester,7,,,,NOK,,2026-09-14T10:08:23.929845+00:00
922828822,+BYGG AS,AS,Active / Operating,CURRENT,41.000,Oppføring av bygninger,7,Fredrik Hvitstein Hansen,Fredrik Hvitstein Hansen,8400202.0,NOK,2025,2026-09-14T10:08:08.585397+00:00
918824804,24/7 BUDSERVICE AS,AS,Active / Operating,CURRENT,53.200,Andre post- og budtjenester,6,,,,NOK,,2026-09-14T10:08:22.767779+00:00
911837722,123KULDE AS,AS,Active / Operating,CURRENT,43.222,"Kuldeanlegg-, varmepumpearbeid og installasjon av peiser",6,,,,NOK,,2026-09-14T10:08:18.257130+00:00
927010607,3475KRAFTVERKET AS,AS,Active / Operating,CURRENT,93.130,Treningssentervirksomhet,6,,,,NOK,,2026-09-14T10:08:26.760649+00:00
813521792,1ST BRANDS AS,AS,Active / Operating,CURRENT,46.420,Engroshandel med klær og skotøy,6,,,,NOK,,2026-09-14T10:08:20.387021+00:00
931637649,3ELEKTRO AS,AS,Active / Operating,CURRENT,43.210,Elektrisk installasjonsarbeid,6,,,,NOK,,2026-09-14T10:08:28.558790+00:00
932165376,1 EASY SERVICE AS,AS,Active / Operating,CURRENT,81.100,Kombinerte tjenester tilknyttet eiendomsdrift,6,Christian Engenes,Odd-Tore Hansen,4072688.0,NOK,2025,2026-09-14T10:08:12.333147+00:00
932234009,2T ENTREPRENØR AS,AS,Active / Operating,CURRENT,43.120,Grunnarbeid,6,,,,NOK,,2026-09-14T10:08:25.219220+00:00
927727315,100% GODT VASKET AS,AS,Active / Operating,CURRENT,81.210,Rengjøring av bygninger,6,,Anthony Clement Jol Dador,1557938.0,NOK,2025,2026-09-14T10:08:15.805494+00:00
928493822,10X AGENCY AS,AS,Active / Operating,CURRENT,73.110,Reklamebyråvirksomhet,6,Hortsy Waldmann Reyes,Hortsy Waldmann Reyes,0.0,NOK,2025,2026-09-14T10:08:17.317263+00:00
819032262,...PIECE OF CAKE AS,AS,Active / Operating,CURRENT,10.710,Produksjon av brød og ferske konditorvarer,5,Tomm Munthe,Nina Triber Munthe,497721.0,NOK,2025,2026-09-14T10:08:07.303200+00:00
923569839,.EAGL TECHNOLOGIES AS,AS,Active / Operating,CURRENT,46.490,Engroshandel med andre husholdningsvarer,5,Kai Daniel Ha Stiberg,Henrik Røe,2791124.0,NOK,2025,2026-09-14T10:08:07.044600+00:00
998845394,3-VISJON AS,AS,Active / Operating,CURRENT,41.000,Oppføring av bygninger,5,,,,NOK,,2026-09-14T10:08:26.085904+00:00
926756338,123 LANDBRUK AS,AS,Active / Operating,CURRENT,46.610,Engroshandel med maskiner og utstyr til jordbruk og skogbruk,5,,,,NOK,,2026-09-14T10:08:18.253554+00:00
929286057,123 UTLEIE AS,AS,Active / Operating,CURRENT,46.630,"Engroshandel med maskiner og utstyr til bergverksdrift, olje- og gassutvinning og bygge- og anleggsvirksomhet",5,,,,NOK,,2026-09-14T10:08:18.256132+00:00
919085282,2HOME AS,AS,Active / Operating,CURRENT,46.640,Engroshandel med maskiner og utstyr ellers,5,,,,NOK,,2026-09-14T10:08:23.928824+00:00
927444550,0-100 BILVERKSTED AS,AS,Active / Operating,CURRENT,95.310,Reparasjon og vedlikehold av motorvogner,5,Knut Erik Rodin,Lars Nørgaard Tholstrup,9520240.0,NOK,2025,2026-09-14T10:08:08.826703+00:00
933223825,2S SERVICETJENESTER AS,AS,Active / Operating,CURRENT,49.410,Godstransport på vei,5,,,,NOK,,2026-09-14T10:08:24.632062+00:00
990367965,2T RÅD AS,AS,Active / Operating,CURRENT,71.121,Byggeteknisk konsulentvirksomhet,5,,,,NOK,,2026-09-14T10:08:25.220218+00:00
912595625,1 PLUSS 1 BO OG OMSORGSBASER AS,AS,Active / Operating,CURRENT,88.991,Barneverntjenester,5,Beate Gundersen,Ben Eivind Lauritzen,9778896.0,NOK,2025,2026-09-14T10:08:12.807804+00:00
930725889,3 BYGG RANA AS,AS,Active / Operating,CURRENT,41.000,Oppføring av bygninger,5,,,,NOK,,2026-09-14T10:08:25.227267+00:00
921549741,100% MALING AS,AS,Active / Operating,CURRENT,43.340,Maler- og glassarbeid,5,Christian Sundal Larsen,Christian Sundal Larsen,6273455.0,NOK,2025,2026-09-14T10:08:15.831895+00:00
989998005,3 ÈRN TRAFIKKSKOLE AS,AS,Active / Operating,CURRENT,85.531,Undervisning ved godkjente trafikkskoler,5,,,,NOK,,2026-09-14T10:08:25.227267+00:00
999515606,1001 NATT AS,AS,Active / Operating,CURRENT,47.110,Detaljhandel med bredt vareutvalg med hovedvekt på nærings- og nytelsesmidler,5,Khwanchiraoan Sangsamanan,Rolf Magne Solvang,8187053.0,NOK,2025,2026-09-14T10:08:16.356451+00:00
929943945,!FALSE INVESTMENTS AS,AS,Active / Operating,CURRENT,00.000,Uoppgitt,,Hilmir Straumland,Hilmir Straumland,9000.0,NOK,2025,2026-09-14T10:08:07.261250+00:00
995849364,:-) INVEST AS,AS,Active / Operating,CURRENT,70.200,Bedriftsrådgivning og annen administrativ rådgivning,,Eric Francois Lithun,Eric Francois Lithun,90290.0,NOK,2025,2026-09-14T10:08:07.276427+00:00
925323527,& OLSEN HOLDING AS,AS,Active / Operating,CURRENT,73.110,Reklamebyråvirksomhet,,,Tom Emil Olsen,,NOK,2025,2026-09-14T10:08:07.801777+00:00
937379382,&LUNDE AS,AS,Active / Operating,CURRENT,70.200,Bedriftsrådgivning og annen administrativ rådgivning,,Frode Lunde,Frode Lunde,,NOK,,2026-09-14T10:08:07.804464+00:00
934080246,***THOLDZ*** 2000 AS,AS,Active / Operating,CURRENT,00.000,Uoppgitt,,Truls Henriksen,Truls Henriksen,0.0,NOK,2025,2026-09-14T10:08:07.727600+00:00
932685256,&DALE AS,AS,Active / Operating,CURRENT,73.300,Pr og kommunikasjonstjenester,,Henrik Mariero Dale,Henrik Mariero Dale,0.0,NOK,2025,2026-09-14T10:08:07.803446+00:00
926056522,&PARTNERS AS,AS,Active / Operating,CURRENT,73.110,Reklamebyråvirksomhet,,,Kajsa Maria Flodin,1777595.0,NOK,2025,2026-09-14T10:08:08.345967+00:00
812467182,&MORE AS,AS,In Liquidation,CURRENT,71.129,Annen teknisk konsulentvirksomhet,,,Per Fredrik Solberg,1350146.0,NOK,2025,2026-09-14T10:08:07.964917+00:00
925391093,&MF HOLDING AS,AS,Active / Operating,CURRENT,33.120,Reparasjon og vedlikehold av maskiner,,,Marek Jan Fraczyk,0.0,NOK,2024,2026-09-14T10:08:07.805461+00:00
930696404,&ROBUST AS,AS,Active / Operating,CURRENT,74.110,"Industri-, produkt- og motedesignvirksomhet",,Daniel Hontvedt Carlsen,Maria Melbø Opsand,,NOK,2025,2026-09-14T10:08:08.342745+00:00
935845114,.BEIN BERGEN AS,AS,Active / Operating,CURRENT,43.330,Gulvlegging og tapetsering,,Apassara Eriksson,Apassara Eriksson,262591.0,NOK,2025,2026-09-14T10:08:07.289568+00:00
935095506,&SIMONNES AS,AS,Active / Operating,CURRENT,70.200,Bedriftsrådgivning og annen administrativ rådgivning,,Lene Simonnes,Lene Simonnes,1376702.0,NOK,2025,2026-09-14T10:08:08.344327+00:00
931537741,'LIFT' M...UP AS,AS,Active / Operating,CURRENT,88.996,Andre sosialtjenester uten botilbud ellers,,Inger Fonn,Inger Fonn,,NOK,2025,2026-09-14T10:08:07.458177+00:00
930357421,(NYE) ELNESFISK AS,AS,Active / Operating,CURRENT,03.110,Fiske og fangst i sjø,,Robert Elnes,Robert Elnes,3215088.0,NOK,2025,2026-09-14T10:08:07.499125+00:00
925432466,@HOME AS,AS,Active / Operating,CURRENT,56.210,Catering for arrangementer,,Anitsara Hovde,Anitsara Hovde,37213.0,NOK,2025,2026-09-14T10:08:07.503069+00:00
924829214,@RNEBLIKK AS,AS,Active / Operating,CURRENT,86.221,"Spesialiserte legetjenester, unntatt psykiatriske legetjenester",,Ørn Terje Foss,Marianne Moltke-Hansen,139847.0,NOK,2025,2026-09-14T10:08:07.514887+00:00
989061593,-G- GROUP AS,AS,Active / Operating,CURRENT,62.200,Konsulentvirksomhet tilknyttet informasjonsteknologi og forvaltning og drift av it-systemer,,Geir Inge Gjørva,Geir Inge Gjørva,20000.0,NOK,2025,2026-09-14T10:08:07.264033+00:00
928648028,@WORK AS,AS,Active / Operating,CURRENT,95.310,Reparasjon og vedlikehold av motorvogner,,Brynjar Grønås Birkeland,Brynjar Grønås Birkeland,828733.0,NOK,2025,2026-09-14T10:08:07.527816+00:00
935546826,1128 INVEST AS,AS,Active / Operating,CURRENT,00.000,Uoppgitt,,,,,NOK,,2026-09-14T10:08:18.248511+00:00
924827106,24 INVEST AS,AS,Active / Operating,CURRENT,68.200,Utleie av egen eller leid fast eiendom,,,,,NOK,,2026-09-14T10:08:22.050522+00:00
922042195,3-HUS AS,AS,Active / Operating,CURRENT,68.200,Utleie av egen eller leid fast eiendom,,,,,NOK,,2026-09-14T10:08:26.083891+00:00
936937306,24 KARAT HOLDING AS,AS,Active / Operating,CURRENT,00.000,Uoppgitt,,,,,NOK,,2026-09-14T10:08:22.050522+00:00
930664766,1118 ASSETS AS,AS,Active / Operating,CURRENT,00.000,Uoppgitt,,,,,NOK,,2026-09-14T10:08:18.248511+00:00
994906283,3-BYGG ØSTFOLD AS,AS,Active / Operating,CURRENT,47.520,"Detaljhandel med jernvarer, byggevarer, fargevarer og glass",,,,,NOK,,2026-09-14T10:08:26.083891+00:00
827128392,3R LANDMÅLING AS,AS,Active / Operating,CURRENT,71.123,Utarbeidelse av kart og oppmåling,,,,,NOK,,2026-09-14T10:08:29.826432+00:00
818931972,11222 GROUP AS,AS,Active / Operating,CURRENT,59.200,Produksjon og utgivelse av musikk- og lydopptak,,,,,NOK,,2026-09-14T10:08:18.248511+00:00
925058025,24 LØNNSOM AS,AS,Active / Operating,CURRENT,69.202,Regnskapsføring og bokføring,,,,,NOK,,2026-09-14T10:08:22.050522+00:00
936968570,3-INTERIØR AS,AS,Active / Operating,CURRENT,32.990,Annen industriproduksjon ikke nevnt annet sted,,,,,NOK,,2026-09-14T10:08:26.083891+00:00
998416035,3RD FLOOR AS,AS,Active / Operating,CURRENT,56.110,Drift av restauranter,,,,,NOK,,2026-09-14T10:08:29.826432+00:00
917126941,113FØRSTEHJELP AS,AS,Active / Operating,CURRENT,46.460,Engroshandel med apotekvarer og medisinske varer,,,,,NOK,,2026-09-14T10:08:18.248511+00:00
926016806,24 ONLY AS,AS,Active / Operating,CURRENT,68.110,Kjøp og salg av egen fast eiendom,,,,,NOK,,2026-09-14T10:08:22.051070+00:00
937194854,1157 HOLDING AS,AS,Active / Operating,CURRENT,00.000,Uoppgitt,,,,,NOK,,2026-09-14T10:08:18.250024+00:00
919824913,3-K EIENDOM AS,AS,Active / Operating,CURRENT,68.320,Eiendomsforvaltning på oppdrag,,,,,NOK,,2026-09-14T10:08:26.083891+00:00
922859620,3RDFLOOR VIDEO AS,AS,Active / Operating,CURRENT,59.110,"Produksjon av film, video og fjernsynsprogrammer",,,,,NOK,,2026-09-14T10:08:29.826942+00:00
989086111,3RIV AS,AS,Active / Operating,CURRENT,70.200,Bedriftsrådgivning og annen administrativ rådgivning,,,,,NOK,,2026-09-14T10:08:29.826942+00:00
933353907,114 HOLDING AS,AS,Active / Operating,CURRENT,00.000,Uoppgitt,,,,,NOK,,2026-09-14T10:08:18.248511+00:00
919824840,3-K HOLDING AS,AS,Active / Operating,CURRENT,43.910,Murerarbeid,,,,,NOK,,2026-09-14T10:08:26.084899+00:00
931626469,24 SALG AS,AS,Active / Operating,CURRENT,46.130,"Agenturhandel med tømmer, trelast og byggevarer",,,,,NOK,,2026-09-14T10:08:22.764252+00:00
998684803,3-S EIENDOM AS,AS,Active / Operating,CURRENT,00.000,Uoppgitt,,,,,NOK,,2026-09-14T10:08:26.084899+00:00
924498595,24 SHAPE UP AS,AS,Active / Operating,CURRENT,93.130,Treningssentervirksomhet,,,,,NOK,,2026-09-14T10:08:22.764252+00:00
931658247,1190 PLAY AS,AS,Active / Operating,CURRENT,85.510,Undervisning innenfor idrett og rekreasjon,,,,,NOK,,2026-09-14T10:08:18.250024+00:00
914872812,3S BOBIL & CARAVAN AS,AS,Active / Operating,CURRENT,70.200,Bedriftsrådgivning og annen administrativ rådgivning,,,,,NOK,,2026-09-14T10:08:29.826942+00:00
925830038,24 SØPPEL OG FLYTTING AS,AS,In Liquidation,CURRENT,38.210,Materialgjenvinning,,,,,NOK,,2026-09-14T10:08:22.765763+00:00
919543906,11A HOLDING AS,AS,Active / Operating,CURRENT,71.121,Byggeteknisk konsulentvirksomhet,,,,,NOK,,2026-09-14T10:08:18.250024+00:00
928707512,3-TO EIENDOM AS,AS,Active / Operating,CURRENT,68.200,Utleie av egen eller leid fast eiendom,,,,,NOK,,2026-09-14T10:08:26.084899+00:00
922566968,3S BOLIGINVEST AS,AS,Active / Operating,CURRENT,68.200,Utleie av egen eller leid fast eiendom,,,,,NOK,,2026-09-14T10:08:29.826942+00:00
925611204,11TH MOON AS,AS,Active / Operating,CURRENT,47.120,Detaljhandel med bredt vareutvalg ellers,,,,,NOK,,2026-09-14T10:08:18.250024+00:00
923273891,3S BYGG AS,AS,Active / Operating,CURRENT,41.000,Oppføring av bygninger,,,,,NOK,,2026-09-14T10:08:29.826942+00:00
934068114,3-WHEELS INVEST AS,AS,Active / Operating,CURRENT,00.000,Uoppgitt,,,,,NOK,,2026-09-14T10:08:26.085904+00:00
929236955,12 ELDORADO CREEK AS,AS,Active / Operating,CURRENT,00.000,Uoppgitt,,,,,NOK,,2026-09-14T10:08:18.250024+00:00
935015413,24 T MATERIALER AS,AS,Active / Operating,CURRENT,46.500,Engroshandel med informasjons- og kommunikasjonsteknologiutstyr,,,,,NOK,,2026-09-14T10:08:22.765763+00:00
937334028,3S DRIFT AS,AS,Active / Operating,CURRENT,43.120,Grunnarbeid,,,,,NOK,,2026-09-14T10:08:29.826942+00:00
997801334,12 PUNKT KOMMUNIKASJONSDESIGN AS,AS,Active / Operating,CURRENT,74.120,Grafisk design og visuell kommunikasjonsdesign,,,,,NOK,,2026-09-14T10:08:18.250024+00:00
933428192,24 TIMER TAXI AS,AS,Active / Operating,CURRENT,49.330,Passasjertransport på forespørsel utført av fører med kjøretøy,,,,,NOK,,2026-09-14T10:08:22.765763+00:00
924394161,"3,14 HOLDING AS",AS,Active / Operating,CURRENT,00.000,Uoppgitt,,,,,NOK,,2026-09-14T10:08:26.085904+00:00
919669217,3S EIENDOM HOLDING AS,AS,Active / Operating,CURRENT,68.200,Utleie av egen eller leid fast eiendom,,,,,NOK,,2026-09-14T10:08:29.826942+00:00
832915432,12 VOLT AS,AS,Active / Operating,CURRENT,43.210,Elektrisk installasjonsarbeid,,,,,NOK,,2026-09-14T10:08:18.251038+00:00
934051092,24 VASKERI AS,AS,Active / Operating,CURRENT,96.100,Vaskeri- og renserivirksomhet,,,,,NOK,,2026-09-14T10:08:22.765763+00:00
824729492,3. LEG CONSULTING AS,AS,Active / Operating,CURRENT,71.129,Annen teknisk konsulentvirksomhet,,,,,NOK,,2026-09-14T10:08:26.085904+00:00
991392173,3S EIENDOMS INVEST AS,AS,Active / Operating,CURRENT,68.200,Utleie av egen eller leid fast eiendom,,,,,NOK,,2026-09-14T10:08:29.827951+00:00
936921833,24-7 EKSPRESS AS,AS,Active / Operating,CURRENT,49.410,Godstransport på vei,,,,,NOK,,2026-09-14T10:08:22.766777+00:00
922903107,12 YEARS AGENCY AS,AS,Active / Operating,CURRENT,85.597,Annen undervisning ellers,,,,,NOK,,2026-09-14T10:08:18.251038+00:00
820691962,3.14 UNLIMITED AS,AS,Active / Operating,CURRENT,68.320,Eiendomsforvaltning på oppdrag,,,,,NOK,,2026-09-14T10:08:26.085904+00:00
991504486,3S HOLDING AS,AS,Active / Operating,CURRENT,47.631,Detaljhandel med sportsvarer,,,,,NOK,,2026-09-14T10:08:29.827951+00:00
912263061,12:24 INVEST AS,AS,Active / Operating,CURRENT,64.323,Andre egeninvesteringsselskaper,,,,,NOK,,2026-09-14T10:08:18.252041+00:00
838088082,24-EIENDOM AS,AS,Active / Operating,CURRENT,,,,,,,NOK,,2026-09-14T10:08:22.766777+00:00
922673160,3.M EIENDOM AS,AS,Active / Operating,CURRENT,68.200,Utleie av egen eller leid fast eiendom,,,,,NOK,,2026-09-14T10:08:26.085904+00:00
933992071,1202 HOLDING AS,AS,Active / Operating,CURRENT,00.000,Uoppgitt,,,,,NOK,,2026-09-14T10:08:18.252041+00:00
919061081,3S INVEST AS,AS,Active / Operating,CURRENT,64.323,Andre egeninvesteringsselskaper,,,,,NOK,,2026-09-14T10:08:29.827951+00:00
926455095,24-SJU AS,AS,Active / Operating,CURRENT,62.200,Konsulentvirksomhet tilknyttet informasjonsteknologi og forvaltning og drift av it-systemer,,,,,NOK,,2026-09-14T10:08:22.766777+00:00
930454869,300 HOLDING AS,AS,Active / Operating,CURRENT,62.200,Konsulentvirksomhet tilknyttet informasjonsteknologi og forvaltning og drift av it-systemer,,,,,NOK,,2026-09-14T10:08:26.755638+00:00
830720332,3/4 GC FORVALTNING AS,AS,Active / Operating,CURRENT,00.000,Uoppgitt,,,,,NOK,,2026-09-14T10:08:26.755638+00:00
933211738,3S SALG AS,AS,Active / Operating,CURRENT,47.270,Detaljhandel med nærings- og nytelsesmidler ellers,,,,,NOK,,2026-09-14T10:08:29.827951+00:00
929640241,120PLUS AS,AS,Active / Operating,CURRENT,86.992,Forebyggende helsearbeid,,,,,NOK,,2026-09-14T10:08:18.252041+00:00
931379240,24/7 ATHLETE AS,AS,Active / Operating,CURRENT,93.190,Sportsaktiviteter ikke nevnt annet sted,,,,,NOK,,2026-09-14T10:08:22.766777+00:00
917541175,3SG INVEST AS,AS,Active / Operating,CURRENT,00.000,Uoppgitt,,,,,NOK,,2026-09-14T10:08:29.827951+00:00
920853102,121 REALFAG AS,AS,Active / Operating,CURRENT,85.597,Annen undervisning ellers,,,,,NOK,,2026-09-14T10:08:18.252041+00:00
933472221,24/7 BILVASK AS,AS,Active / Operating,CURRENT,95.310,Reparasjon og vedlikehold av motorvogner,,,,,NOK,,2026-09-14T10:08:22.767779+00:00
986696539,300 KNOP AS,AS,Active / Operating,CURRENT,51.100,Lufttransport med passasjerer,,,,,NOK,,2026-09-14T10:08:26.755638+00:00
934570219,123 EIENDOM HOLDING AS,AS,Active / Operating,CURRENT,43.221,Rørleggerarbeid,,,,,NOK,,2026-09-14T10:08:18.252041+00:00
928959600,3009VISION AS,AS,Active / Operating,CURRENT,00.000,Uoppgitt,,,,,NOK,,2026-09-14T10:08:26.756638+00:00
993966401,3SOME INVEST AS,AS,Active / Operating,CURRENT,85.597,Annen undervisning ellers,,,,,NOK,,2026-09-14T10:08:29.827951+00:00
917992096,3SKIN AS,AS,Active / Operating,CURRENT,72.100,Forskning og eksperimentell utvikling innenfor naturvitenskap og teknikk,,,,,NOK,,2026-09-14T10:08:29.827951+00:00
921335288,24/7 EIENDOMSSERVICE AS,AS,Active / Operating,CURRENT,41.000,Oppføring av bygninger,,,,,NOK,,2026-09-14T10:08:22.767779+00:00
915282814,301 INVEST AS,AS,Active / Operating,CURRENT,62.200,Konsulentvirksomhet tilknyttet informasjonsteknologi og forvaltning og drift av it-systemer,,,,,NOK,,2026-09-14T10:08:26.756638+00:00
821066212,123 HOUSING AS,AS,Active / Operating,CURRENT,68.200,Utleie av egen eller leid fast eiendom,,,,,NOK,,2026-09-14T10:08:18.253554+00:00
976813332,24/7 EKSPRESS AS,AS,Active / Operating,CURRENT,49.410,Godstransport på vei,,,,,NOK,,2026-09-14T10:08:22.767779+00:00
927612275,305 INVEST AS,AS,Active / Operating,CURRENT,00.000,Uoppgitt,,,,,NOK,,2026-09-14T10:08:26.756638+00:00
899249372,3T CONSULT AS,AS,Active / Operating,CURRENT,71.129,Annen teknisk konsulentvirksomhet,,,,,NOK,,2026-09-14T10:08:29.828951+00:00
989470450,123 INVEST AS,AS,Active / Operating,CURRENT,68.120,Utvikling og salg av byggeprosjekter,,,,,NOK,,2026-09-14T10:08:18.253554+00:00
936235328,24/7 GÅLÅ AS,AS,Active / Operating,CURRENT,81.100,Kombinerte tjenester tilknyttet eiendomsdrift,,,,,NOK,,2026-09-14T10:08:22.767779+00:00
920472125,30EAST AS,AS,Active / Operating,CURRENT,62.200,Konsulentvirksomhet tilknyttet informasjonsteknologi og forvaltning og drift av it-systemer,,,,,NOK,,2026-09-14T10:08:26.757640+00:00
887383782,3T EIENDOM AS,AS,Active / Operating,CURRENT,93.130,Treningssentervirksomhet,,,,,NOK,,2026-09-14T10:08:29.828951+00:00
914067553,24/7 LOGISTIKK AS,AS,Active / Operating,CURRENT,52.250,Logistikktjenester,,,,,NOK,,2026-09-14T10:08:22.768778+00:00
935567866,30NORTH AS,AS,Active / Operating,CURRENT,00.000,Uoppgitt,,,,,NOK,,2026-09-14T10:08:26.757640+00:00
837377242,123 LOUIE AS,AS,Active / Operating,CURRENT,47.810,Detaljhandel med motorvogner,,,,,NOK,,2026-09-14T10:08:18.253554+00:00
936966594,24/7 MULTISERVICE AS,AS,Active / Operating,CURRENT,33.120,Reparasjon og vedlikehold av maskiner,,,,,NOK,,2026-09-14T10:08:22.768778+00:00
920022154,313 EIENDOM AS,AS,Active / Operating,CURRENT,68.200,Utleie av egen eller leid fast eiendom,,,,,NOK,,2026-09-14T10:08:26.757640+00:00
933824861,3132 INVEST AS,AS,Active / Operating,CURRENT,00.000,Uoppgitt,,,,,NOK,,2026-09-14T10:08:26.757640+00:00
998509882,3T HOLDING AS,AS,Active / Operating,CURRENT,64.323,Andre egeninvesteringsselskaper,,,,,NOK,,2026-09-14T10:08:29.828951+00:00
820450892,123 MASKIN AS,AS,Active / Operating,CURRENT,43.120,Grunnarbeid,,,,,NOK,,2026-09-14T10:08:18.253554+00:00
916508522,24/7 RETAIL GROUP AS,AS,Active / Operating,CURRENT,62.100,Dataprogrammeringstjenester,,,,,NOK,,2026-09-14T10:08:22.768778+00:00
827278092,313 INVEST AS,AS,Active / Operating,CURRENT,00.000,Uoppgitt,,,,,NOK,,2026-09-14T10:08:26.757640+00:00
981883128,3T INVEST AS,AS,Active / Operating,CURRENT,62.100,Dataprogrammeringstjenester,,,,,NOK,,2026-09-14T10:08:29.828951+00:00
998214637,123 MINILAGER AS,AS,Active / Operating,CURRENT,68.200,Utleie av egen eller leid fast eiendom,,,,,NOK,,2026-09-14T10:08:18.255114+00:00
927442183,123 MULTISERVICE AS,AS,Active / Operating,CURRENT,95.310,Reparasjon og vedlikehold av motorvogner,,,,,NOK,,2026-09-14T10:08:18.255114+00:00
926819828,24/7 RØRLEGGERVAKTEN AS,AS,In Bankruptcy,CURRENT,43.221,Rørleggerarbeid,,,,,NOK,,2026-09-14T10:08:22.768778+00:00
928143139,24/7 RØRLEGGERVAKTEN AVD. JÆREN AS,AS,Active / Operating,CURRENT,43.221,Rørleggerarbeid,,,,,NOK,,2026-09-14T10:08:22.768778+00:00
936997732,316 PRODUKSJON AS,AS,Active / Operating,CURRENT,25.530,Bearbeiding av metaller,,,,,NOK,,2026-09-14T10:08:26.757640+00:00
927113848,123 OPPUSSING AS,AS,Active / Operating,CURRENT,43.320,Snekkerarbeid,,,,,NOK,,2026-09-14T10:08:18.255114+00:00
927497484,24/7 RØRLEGGERVAKTEN AVD. STAVANGER AS,AS,Active / Operating,CURRENT,43.221,Rørleggerarbeid,,,,,NOK,,2026-09-14T10:08:22.769781+00:00
835140342,3160 HOLDING AS,AS,Active / Operating,CURRENT,93.190,Sportsaktiviteter ikke nevnt annet sted,,,,,NOK,,2026-09-14T10:08:26.757640+00:00
822307132,123 PROSJEKT AS,AS,Active / Operating,CURRENT,43.210,Elektrisk installasjonsarbeid,,,,,NOK,,2026-09-14T10:08:18.255114+00:00
834521962,24/7 RØRSERVICE AS,AS,Active / Operating,CURRENT,43.221,Rørleggerarbeid,,,,,NOK,,2026-09-14T10:08:22.769781+00:00
936195520,319 HOLDING AS,AS,Active / Operating,CURRENT,30.110,Bygging av sivile skip og flytende materiell,,,,,NOK,,2026-09-14T10:08:26.757640+00:00
932055171,123 REGNSKAP AS,AS,Active / Operating,CURRENT,69.202,Regnskapsføring og bokføring,,,,,NOK,,2026-09-14T10:08:18.255114+00:00
925406015,24/7 TAXI AS,AS,Active / Operating,CURRENT,49.330,Passasjertransport på forespørsel utført av fører med kjøretøy,,,,,NOK,,2026-09-14T10:08:22.769781+00:00
936918921,321TAXI AS,AS,Active / Operating,CURRENT,49.330,Passasjertransport på forespørsel utført av fører med kjøretøy,,,,,NOK,,2026-09-14T10:08:26.757640+00:00
927515911,123 REVISJON AS,AS,Active / Operating,CURRENT,69.201,Revisjon,,,,,NOK,,2026-09-14T10:08:18.255114+00:00
835962482,24/7 TOLKETJENESTE AS,AS,Active / Operating,CURRENT,74.300,Oversettelses- og tolkevirksomhet,,,,,NOK,,2026-09-14T10:08:22.769781+00:00
934291301,3228-50/1 HOLDING AS,AS,Active / Operating,CURRENT,00.000,Uoppgitt,,,,,NOK,,2026-09-14T10:08:26.758661+00:00
933741958,123 SUSHI 2 AS,AS,Active / Operating,CURRENT,56.110,Drift av restauranter,,,,,NOK,,2026-09-14T10:08:18.255114+00:00
929275861,24000 GYLDEN AS,AS,Active / Operating,CURRENT,59.110,"Produksjon av film, video og fjernsynsprogrammer",,,,,NOK,,2026-09-14T10:08:22.769781+00:00
913783182,3280 INVEST AS,AS,Active / Operating,CURRENT,68.200,Utleie av egen eller leid fast eiendom,,,,,NOK,,2026-09-14T10:08:26.758661+00:00
927370743,123 SUSHI AS,AS,Active / Operating,CURRENT,56.110,Drift av restauranter,,,,,NOK,,2026-09-14T10:08:18.256132+00:00
937872267,329 INVEST AS,AS,Active / Operating,CURRENT,00.000,Uoppgitt,,,,,NOK,,2026-09-14T10:08:26.758661+00:00
937941870,247 BOLIG AS,AS,Active / Operating,CURRENT,68.200,Utleie av egen eller leid fast eiendom,,,,,NOK,,2026-09-14T10:08:22.769781+00:00
934276663,33 KAPITAL AS,AS,Active / Operating,CURRENT,00.000,Uoppgitt,,,,,NOK,,2026-09-14T10:08:26.758661+00:00
924722509,1232 SURVEY AS,AS,Active / Operating,CURRENT,71.123,Utarbeidelse av kart og oppmåling,,,,,NOK,,2026-09-14T10:08:18.256132+00:00
993109940,247 ENERGY AS,AS,Active / Operating,CURRENT,93.130,Treningssentervirksomhet,,,,,NOK,,2026-09-14T10:08:22.769781+00:00
918462740,2469 REISELIVSUTVIKLING AS,AS,Active / Operating,CURRENT,70.200,Bedriftsrådgivning og annen administrativ rådgivning,,,,,NOK,,2026-09-14T10:08:22.769781+00:00
928920577,1234 HOLDING AS,AS,Active / Operating,CURRENT,00.000,Uoppgitt,,,,,NOK,,2026-09-14T10:08:18.256132+00:00
927207052,247 INVESTS AS,AS,Active / Operating,CURRENT,00.000,Uoppgitt,,,,,NOK,,2026-09-14T10:08:22.770779+00:00
994986775,123BILMEGLER HARDANGER AS,AS,Active / Operating,CURRENT,47.810,Detaljhandel med motorvogner,,,,,NOK,,2026-09-14T10:08:18.256132+00:00
926974580,247 UTLEIE AS,AS,Active / Operating,CURRENT,77.320,Utleie og leasing av bygge- og anleggsmaskiner og -utstyr,,,,,NOK,,2026-09-14T10:08:22.770779+00:00
937149042,331 KAPITAL AS,AS,Active / Operating,CURRENT,00.000,Uoppgitt,,,,,NOK,,2026-09-14T10:08:26.759665+00:00
936403425,247 VAKTMESTER AS,AS,Active / Operating,CURRENT,81.100,Kombinerte tjenester tilknyttet eiendomsdrift,,,,,NOK,,2026-09-14T10:08:22.770779+00:00
927088290,123EIENDOM AS,AS,Active / Operating,CURRENT,00.000,Uoppgitt,,,,,NOK,,2026-09-14T10:08:18.256132+00:00
932745178,332 HOLDING AS,AS,Active / Operating,CURRENT,00.000,Uoppgitt,,,,,NOK,,2026-09-14T10:08:26.759665+00:00
938386080,123ENKELT AS,AS,Active / Operating,CURRENT,43.320,Snekkerarbeid,,,,,NOK,,2026-09-14T10:08:18.257130+00:00
913168038,247REGNSKAP AS,AS,Active / Operating,CURRENT,69.202,Regnskapsføring og bokføring,,,,,NOK,,2026-09-14T10:08:22.770779+00:00
937827865,336/1 HOLDING AS,AS,Active / Operating,CURRENT,00.000,Uoppgitt,,,,,NOK,,2026-09-14T10:08:26.759665+00:00
926397036,123HAPPYNOW AS,AS,Active / Operating,CURRENT,85.597,Annen undervisning ellers,,,,,NOK,,2026-09-14T10:08:18.257130+00:00
927444011,247VENTURES AS,AS,Active / Operating,CURRENT,62.100,Dataprogrammeringstjenester,,,,,NOK,,2026-09-14T10:08:22.771295+00:00
920745172,33EIENDOM AS,AS,Active / Operating,CURRENT,68.200,Utleie av egen eller leid fast eiendom,,,,,NOK,,2026-09-14T10:08:26.759665+00:00
930555584,33G HOLDING AS,AS,Active / Operating,CURRENT,00.000,Uoppgitt,,,,,NOK,,2026-09-14T10:08:26.759665+00:00
921194854,123VINDUSPUSS AS,AS,Active / Operating,CURRENT,81.220,Utvendig rengjøring av bygninger og industriell rengjøring,,,,,NOK,,2026-09-14T10:08:18.257130+00:00
932723085,24GRUPPEN AS,AS,Active / Operating,CURRENT,46.470,"Engroshandel med husholdnings-, kontor- og butikkmøbler, gulvtepper og belysningsutstyr",,,,,NOK,,2026-09-14T10:08:22.771295+00:00
933059235,33KONSEPT AS,AS,Active / Operating,CURRENT,62.100,Dataprogrammeringstjenester,,,,,NOK,,2026-09-14T10:08:26.759665+00:00
929484428,342 GROUP AS,AS,Active / Operating,CURRENT,62.100,Dataprogrammeringstjenester,,,,,NOK,,2026-09-14T10:08:26.759665+00:00
831531312,24SEVEN SOCCERCARDS AS,AS,Active / Operating,CURRENT,47.780,Annen detaljhandel med andre nye varer,,,,,NOK,,2026-09-14T10:08:22.771295+00:00
932448734,125 INVEST AS,AS,Active / Operating,CURRENT,95.310,Reparasjon og vedlikehold av motorvogner,,,,,NOK,,2026-09-14T10:08:18.257130+00:00
918816232,12C INVEST AS,AS,Active / Operating,CURRENT,68.200,Utleie av egen eller leid fast eiendom,,,,,NOK,,2026-09-14T10:08:18.257130+00:00
995856166,24SEVENOFFICE NC AS,AS,Active / Operating,CURRENT,62.200,Konsulentvirksomhet tilknyttet informasjonsteknologi og forvaltning og drift av it-systemer,,,,,NOK,,2026-09-14T10:08:22.771295+00:00
924571403,3442 FRISØR AS,AS,Active / Operating,CURRENT,96.210,Frisering og barbering,,,,,NOK,,2026-09-14T10:08:26.760649+00:00
924526327,1242 APPS AS,AS,Active / Operating,CURRENT,62.100,Dataprogrammeringstjenester,,,,,NOK,,2026-09-14T10:08:18.257130+00:00
821039312,356 HOLDING AS,AS,Active / Operating,CURRENT,47.810,Detaljhandel med motorvogner,,,,,NOK,,2026-09-14T10:08:26.760649+00:00
935830729,12I EIENDOM AS,AS,Active / Operating,CURRENT,55.200,Drift av vandrerhjem og ferieleiligheter,,,,,NOK,,2026-09-14T10:08:18.829701+00:00
935950937,350 KMT AS,AS,Active / Operating,CURRENT,00.000,Uoppgitt,,,,,NOK,,2026-09-14T10:08:26.760649+00:00
986764151,12MR FRAMNÆS AS,AS,Active / Operating,CURRENT,91.220,Drift av historiske steder og monumenter,,,,,NOK,,2026-09-14T10:08:18.830704+00:00
995985713,24SEVENOFFICE SCANDINAVIA SYSTEMS AS,AS,Active / Operating,CURRENT,62.200,Konsulentvirksomhet tilknyttet informasjonsteknologi og forvaltning og drift av it-systemer,,,,,NOK,,2026-09-14T10:08:22.771295+00:00
995595397,24SEVENSOCIAL AS,AS,Active / Operating,CURRENT,62.100,Dataprogrammeringstjenester,,,,,NOK,,2026-09-14T10:08:22.772301+00:00
923313796,35MPA AS,AS,In Liquidation,CURRENT,00.000,Uoppgitt,,,,,NOK,,2026-09-14T10:08:26.760649+00:00
924621311,13 EIENDOM AS,AS,Active / Operating,CURRENT,68.120,Utvikling og salg av byggeprosjekter,,,,,NOK,,2026-09-14T10:08:18.830704+00:00
935028965,24T OSLO RØRSERVICE AS,AS,Active / Operating,CURRENT,43.221,Rørleggerarbeid,,,,,NOK,,2026-09-14T10:08:22.772301+00:00
988852295,36 HOLMEN AS,AS,Active / Operating,CURRENT,68.200,Utleie av egen eller leid fast eiendom,,,,,NOK,,2026-09-14T10:08:26.760649+00:00
935658888,24SJU AS,AS,Active / Operating,CURRENT,00.000,Uoppgitt,,,,,NOK,,2026-09-14T10:08:22.772301+00:00
935214025,13 HOLDING AS,AS,Active / Operating,CURRENT,70.200,Bedriftsrådgivning og annen administrativ rådgivning,,,,,NOK,,2026-09-14T10:08:18.830704+00:00
915890423,25.TIME AS,AS,Active / Operating,CURRENT,62.100,Dataprogrammeringstjenester,,,,,NOK,,2026-09-14T10:08:22.772301+00:00
925756113,360 BYGG AS,AS,Active / Operating,CURRENT,41.000,Oppføring av bygninger,,,,,NOK,,2026-09-14T10:08:26.760649+00:00
935389496,25/SEVEN PICTURES AS,AS,Active / Operating,CURRENT,59.110,"Produksjon av film, video og fjernsynsprogrammer",,,,,NOK,,2026-09-14T10:08:22.772301+00:00
918304460,13 INVEST AS,AS,Active / Operating,CURRENT,68.120,Utvikling og salg av byggeprosjekter,,,,,NOK,,2026-09-14T10:08:18.830704+00:00
933309606,360 CONSULT AS,AS,Active / Operating,CURRENT,70.200,Bedriftsrådgivning og annen administrativ rådgivning,,,,,NOK,,2026-09-14T10:08:26.761638+00:00
926446215,360 CAMPUS AS,AS,Active / Operating,CURRENT,68.110,Kjøp og salg av egen fast eiendom,,,,,NOK,,2026-09-14T10:08:26.761638+00:00
925024678,13:13 DESIGN STUDIO AS,AS,Active / Operating,CURRENT,74.110,"Industri-, produkt- og motedesignvirksomhet",,,,,NOK,,2026-09-14T10:08:18.830704+00:00
921078528,13/16 HOLDING AS,AS,Active / Operating,CURRENT,69.202,Regnskapsføring og bokføring,,,,,NOK,,2026-09-14T10:08:18.831704+00:00
835491862,2502 - ISDAMVEIEN 24 S14 AS,AS,Active / Operating,CURRENT,68.110,Kjøp og salg av egen fast eiendom,,,,,NOK,,2026-09-14T10:08:22.772301+00:00
935491150,2501 - ISDAMVEIEN 24 S12 AS,AS,Active / Operating,CURRENT,68.110,Kjøp og salg av egen fast eiendom,,,,,NOK,,2026-09-14T10:08:22.772301+00:00
932684616,1303 EIGEDOM AS,AS,Active / Operating,CURRENT,68.200,Utleie av egen eller leid fast eiendom,,,,,NOK,,2026-09-14T10:08:18.831704+00:00
922318549,360 EIENDOM AS,AS,Active / Operating,CURRENT,47.520,"Detaljhandel med jernvarer, byggevarer, fargevarer og glass",,,,,NOK,,2026-09-14T10:08:26.761638+00:00
929499379,360 ENTREPRENØR AS,AS,Active / Operating,CURRENT,43.120,Grunnarbeid,,,,,NOK,,2026-09-14T10:08:26.761638+00:00
935491894,2503 - ISDAMVEIEN 24 S17 AS,AS,Active / Operating,CURRENT,68.110,Kjøp og salg av egen fast eiendom,,,,,NOK,,2026-09-14T10:08:22.773301+00:00
927801191,1306 HOLDING AS,AS,Active / Operating,CURRENT,78.200,Utleie av arbeidskraft og andre personaladministrative tjenester,,,,,NOK,,2026-09-14T10:08:18.831704+00:00
935491916,2504 - ISDAMVEIEN 24 S25 AS,AS,Active / Operating,CURRENT,68.110,Kjøp og salg av egen fast eiendom,,,,,NOK,,2026-09-14T10:08:22.773301+00:00
830697322,1313 SELAH AS,AS,Active / Operating,CURRENT,47.710,Detaljhandel med klær,,,,,NOK,,2026-09-14T10:08:18.831704+00:00
933187640,360 FLIP AS,AS,Active / Operating,CURRENT,00.000,Uoppgitt,,,,,NOK,,2026-09-14T10:08:26.761638+00:00
922858683,2510 HOLDING AS,AS,Active / Operating,CURRENT,74.110,"Industri-, produkt- og motedesignvirksomhet",,,,,NOK,,2026-09-14T10:08:23.337445+00:00
932742411,360 INVEST AS,AS,Active / Operating,CURRENT,00.000,Uoppgitt,,,,,NOK,,2026-09-14T10:08:26.761638+00:00
933403882,1331 EIENDOM AS,AS,Active / Operating,CURRENT,68.200,Utleie av egen eller leid fast eiendom,,,,,NOK,,2026-09-14T10:08:18.831704+00:00
933128237,259 HOLDING AS,AS,Active / Operating,CURRENT,00.000,Uoppgitt,,,,,NOK,,2026-09-14T10:08:23.338445+00:00
933105849,261 HOLDING AS,AS,Active / Operating,CURRENT,43.120,Grunnarbeid,,,,,NOK,,2026-09-14T10:08:23.338445+00:00
932224488,1337 CAPITAL AS,AS,Active / Operating,CURRENT,00.000,Uoppgitt,,,,,NOK,,2026-09-14T10:08:18.831704+00:00
930046426,1337 HOLDING AS,AS,Active / Operating,CURRENT,00.000,Uoppgitt,,,,,NOK,,2026-09-14T10:08:18.831704+00:00
921368569,360 LOGISTICS HOLDING AS,AS,Active / Operating,CURRENT,82.920,Pakkevirksomhet,,,,,NOK,,2026-09-14T10:08:26.762644+00:00
934358333,263 AGENCY AS,AS,Active / Operating,CURRENT,46.160,"Agenturhandel med tekstiler, klær, pelsskinn, skotøy og lærvarer",,,,,NOK,,2026-09-14T10:08:23.338445+00:00
913938690,360 NORD AS,AS,Active / Operating,CURRENT,79.901,Aktiviteter utført av turistkontorer og destinasjonsselskaper,,,,,NOK,,2026-09-14T10:08:26.762644+00:00
917825491,1337 INVEST AS,AS,Active / Operating,CURRENT,64.323,Andre egeninvesteringsselskaper,,,,,NOK,,2026-09-14T10:08:18.831704+00:00
929349067,2634 HOLDING AS,AS,Active / Operating,CURRENT,81.100,Kombinerte tjenester tilknyttet eiendomsdrift,,,,,NOK,,2026-09-14T10:08:23.338445+00:00
929038630,360 QUANTUM AS,AS,Active / Operating,CURRENT,85.510,Undervisning innenfor idrett og rekreasjon,,,,,NOK,,2026-09-14T10:08:26.762644+00:00
836193962,1337 REGNSKAP AS,AS,Active / Operating,CURRENT,69.202,Regnskapsføring og bokføring,,,,,NOK,,2026-09-14T10:08:18.831704+00:00
932737043,2662 INVEST AS,AS,Active / Operating,CURRENT,00.000,Uoppgitt,,,,,NOK,,2026-09-14T10:08:23.338445+00:00
916495307,27 CAPITAL AS,AS,Active / Operating,CURRENT,68.200,Utleie av egen eller leid fast eiendom,,,,,NOK,,2026-09-14T10:08:23.338445+00:00
938343373,1340 APEX AS,AS,Active / Operating,CURRENT,70.200,Bedriftsrådgivning og annen administrativ rådgivning,,,,,NOK,,2026-09-14T10:08:18.831704+00:00
998486009,360 VEST AS,AS,Active / Operating,CURRENT,85.597,Annen undervisning ellers,,,,,NOK,,2026-09-14T10:08:26.762644+00:00
917337837,1349 INVEST AS,AS,Active / Operating,CURRENT,00.000,Uoppgitt,,,,,NOK,,2026-09-14T10:08:18.831704+00:00
933606929,2775 HOLDING AS,AS,Active / Operating,CURRENT,25.110,Produksjon av metallkonstruksjoner og deler,,,,,NOK,,2026-09-14T10:08:23.339441+00:00
920253121,360 UNDERHOLDNING AS,AS,Active / Operating,CURRENT,74.990,"All annen faglig, vitenskapelig og teknisk virksomhet ikke nevnt annet sted",,,,,NOK,,2026-09-14T10:08:26.762644+00:00
992577622,360DESIGN AS,AS,Active / Operating,CURRENT,74.110,"Industri-, produkt- og motedesignvirksomhet",,,,,NOK,,2026-09-14T10:08:26.762644+00:00
919765062,1350 HOLDING AS,AS,Active / Operating,CURRENT,71.121,Byggeteknisk konsulentvirksomhet,,,,,NOK,,2026-09-14T10:08:18.831704+00:00
933461890,28 HOLDING AS,AS,Active / Operating,CURRENT,00.000,Uoppgitt,,,,,NOK,,2026-09-14T10:08:23.339441+00:00
933442594,360LU PRODUCTIONS AS,AS,Active / Operating,CURRENT,77.220,Utleie og leasing av andre husholdningsvarer og varer til personlig bruk,,,,,NOK,,2026-09-14T10:08:26.762644+00:00
935821282,28224 VIKING AS,AS,Active / Operating,CURRENT,00.000,Uoppgitt,,,,,NOK,,2026-09-14T10:08:23.339441+00:00
935674557,1353 EIENDOM AS,AS,Active / Operating,CURRENT,68.110,Kjøp og salg av egen fast eiendom,,,,,NOK,,2026-09-14T10:08:18.833216+00:00
935487021,360MEDIA AS,AS,Active / Operating,CURRENT,73.110,Reklamebyråvirksomhet,,,,,NOK,,2026-09-14T10:08:26.762644+00:00
929432592,1353 HOLDING AS,AS,Active / Operating,CURRENT,00.000,Uoppgitt,,,,,NOK,,2026-09-14T10:08:18.833793+00:00
989537563,2824 EIENDOM AS,AS,Active / Operating,CURRENT,68.200,Utleie av egen eller leid fast eiendom,,,,,NOK,,2026-09-14T10:08:23.339441+00:00
936249051,360NOSCOPE INVEST AS,AS,Active / Operating,CURRENT,00.000,Uoppgitt,,,,,NOK,,2026-09-14T10:08:27.326906+00:00
917036446,28TH PROPERTIES AS,AS,Active / Operating,CURRENT,68.120,Utvikling og salg av byggeprosjekter,,,,,NOK,,2026-09-14T10:08:23.339441+00:00
928304906,136 INVEST AS,AS,Active / Operating,CURRENT,00.000,Uoppgitt,,,,,NOK,,2026-09-14T10:08:18.833793+00:00
914497469,29 INVEST AS,AS,Active / Operating,CURRENT,64.323,Andre egeninvesteringsselskaper,,,,,NOK,,2026-09-14T10:08:23.339441+00:00
912062899,360WORLD AS,AS,Active / Operating,CURRENT,74.200,Fotografvirksomhet,,,,,NOK,,2026-09-14T10:08:27.326906+00:00
932113252,1353 INVEST AS,AS,Active / Operating,CURRENT,64.323,Andre egeninvesteringsselskaper,,,,,NOK,,2026-09-14T10:08:18.833793+00:00
820366042,361 VENTURES AS,AS,Active / Operating,CURRENT,62.200,Konsulentvirksomhet tilknyttet informasjonsteknologi og forvaltning og drift av it-systemer,,,,,NOK,,2026-09-14T10:08:27.327908+00:00
813822962,29 MINUTE BOOKS AS,AS,Active / Operating,CURRENT,58.110,Utgivelse av bøker,,,,,NOK,,2026-09-14T10:08:23.339441+00:00
928435059,137 HOLDING AS,AS,Active / Operating,CURRENT,68.110,Kjøp og salg av egen fast eiendom,,,,,NOK,,2026-09-14T10:08:18.833793+00:00
924716282,362 APT AS,AS,Active / Operating,CURRENT,68.200,Utleie av egen eller leid fast eiendom,,,,,NOK,,2026-09-14T10:08:27.327908+00:00
937452063,13B PRODUCTIONS AS,AS,Active / Operating,CURRENT,62.100,Dataprogrammeringstjenester,,,,,NOK,,2026-09-14T10:08:18.833793+00:00
994809466,365 ECONOMY AS,AS,Active / Operating,CURRENT,70.200,Bedriftsrådgivning og annen administrativ rådgivning,,,,,NOK,,2026-09-14T10:08:27.327908+00:00
924389532,13BYTES AS,AS,Active / Operating,CURRENT,00.000,Uoppgitt,,,,,NOK,,2026-09-14T10:08:18.834804+00:00
911918099,2A BYGG & EIENDOM AS,AS,Active / Operating,CURRENT,68.320,Eiendomsforvaltning på oppdrag,,,,,NOK,,2026-09-14T10:08:23.339441+00:00
890224482,365 FRI AS,AS,Active / Operating,CURRENT,68.110,Kjøp og salg av egen fast eiendom,,,,,NOK,,2026-09-14T10:08:27.327908+00:00
912668355,140CONSULT AS,AS,Active / Operating,CURRENT,62.200,Konsulentvirksomhet tilknyttet informasjonsteknologi og forvaltning og drift av it-systemer,,,,,NOK,,2026-09-14T10:08:18.834804+00:00
987862203,2A EIENDOM AS,AS,Active / Operating,CURRENT,68.120,Utvikling og salg av byggeprosjekter,,,,,NOK,,2026-09-14T10:08:23.339441+00:00
928851184,365 GRUPPEN AS,AS,Active / Operating,CURRENT,71.121,Byggeteknisk konsulentvirksomhet,,,,,NOK,,2026-09-14T10:08:27.327908+00:00
928285251,1423 NORGE AS,AS,Active / Operating,CURRENT,46.340,Engroshandel med drikkevarer,,,,,NOK,,2026-09-14T10:08:18.834804+00:00
926312480,2A INVESTMENTS AS,AS,Active / Operating,CURRENT,68.320,Eiendomsforvaltning på oppdrag,,,,,NOK,,2026-09-14T10:08:23.340469+00:00
992257687,365 IDEER AS,AS,Active / Operating,CURRENT,73.110,Reklamebyråvirksomhet,,,,,NOK,,2026-09-14T10:08:27.328928+00:00
991826599,2A STANGNES AS,AS,Active / Operating,CURRENT,68.200,Utleie av egen eller leid fast eiendom,,,,,NOK,,2026-09-14T10:08:23.340469+00:00
937328990,1426 MOH AS,AS,Active / Operating,CURRENT,00.000,Uoppgitt,,,,,NOK,,2026-09-14T10:08:18.834804+00:00
930630292,1434 INVEST AS,AS,Active / Operating,CURRENT,00.000,Uoppgitt,,,,,NOK,,2026-09-14T10:08:18.834804+00:00
929191633,2ABRA AS,AS,Active / Operating,CURRENT,74.200,Fotografvirksomhet,,,,,NOK,,2026-09-14T10:08:23.340469+00:00
937316623,365 INVEST AS,AS,Active / Operating,CURRENT,00.000,Uoppgitt,,,,,NOK,,2026-09-14T10:08:27.328928+00:00
929347714,365 NÆRINGSUTVIKLING AS,AS,Active / Operating,CURRENT,68.120,Utvikling og salg av byggeprosjekter,,,,,NOK,,2026-09-14T10:08:27.328928+00:00
935632617,2ACTIVE AS,AS,Active / Operating,CURRENT,85.510,Undervisning innenfor idrett og rekreasjon,,,,,NOK,,2026-09-14T10:08:23.341481+00:00
936513999,145 HOLDING AS,AS,Active / Operating,CURRENT,00.000,Uoppgitt,,,,,NOK,,2026-09-14T10:08:18.834804+00:00
838315852,365 OMSORG AS,AS,Active / Operating,CURRENT,88.101,Praktisk bistand i hjemmet,,,,,NOK,,2026-09-14T10:08:27.328928+00:00
927135469,1450 HOLDING AS,AS,Active / Operating,CURRENT,00.000,Uoppgitt,,,,,NOK,,2026-09-14T10:08:18.835804+00:00
911852160,2B EIENDOM AS,AS,Active / Operating,CURRENT,68.120,Utvikling og salg av byggeprosjekter,,,,,NOK,,2026-09-14T10:08:23.341481+00:00
834357372,2AM-DM AS,AS,Active / Operating,CURRENT,59.200,Produksjon og utgivelse av musikk- og lydopptak,,,,,NOK,,2026-09-14T10:08:23.341481+00:00
937650892,2B HOLDING AS,AS,Active / Operating,CURRENT,00.000,Uoppgitt,,,,,NOK,,2026-09-14T10:08:23.341481+00:00
937641826,365 ØSTFOLD AS,AS,Active / Operating,CURRENT,60.100,Radiokringkasting og distribuering av musikk og andre lydmedier,,,,,NOK,,2026-09-14T10:08:27.329910+00:00
937409117,365 UTLEIE AS,AS,Active / Operating,CURRENT,77.320,Utleie og leasing av bygge- og anleggsmaskiner og -utstyr,,,,,NOK,,2026-09-14T10:08:27.328928+00:00
837388082,1454 HOLDING AS,AS,Active / Operating,CURRENT,00.000,Uoppgitt,,,,,NOK,,2026-09-14T10:08:18.835804+00:00
932134357,1473 INVEST AS,AS,Active / Operating,CURRENT,00.000,Uoppgitt,,,,,NOK,,2026-09-14T10:08:18.835804+00:00
921166818,2B IT AS,AS,Active / Operating,CURRENT,70.200,Bedriftsrådgivning og annen administrativ rådgivning,,,,,NOK,,2026-09-14T10:08:23.341481+00:00
921313314,1489 BREWERY AS,AS,Active / Operating,CURRENT,11.050,Produksjon av øl,,,,,NOK,,2026-09-14T10:08:18.835804+00:00
927964589,365ECOM AS,AS,Active / Operating,CURRENT,46.350,Engroshandel med tobakksvarer,,,,,NOK,,2026-09-14T10:08:27.329910+00:00
924780657,365EIENDOM AS,AS,Active / Operating,CURRENT,68.200,Utleie av egen eller leid fast eiendom,,,,,NOK,,2026-09-14T10:08:27.329910+00:00
934983157,2B PROPERTIES AS,AS,Active / Operating,CURRENT,68.200,Utleie av egen eller leid fast eiendom,,,,,NOK,,2026-09-14T10:08:23.341481+00:00
922213240,14SAFETY AS,AS,Active / Operating,CURRENT,59.110,"Produksjon av film, video og fjernsynsprogrammer",,,,,NOK,,2026-09-14T10:08:18.835804+00:00
932582759,365NORDIC AS,AS,Active / Operating,CURRENT,79.122,Reisearrangørvirksomhet ellers,,,,,NOK,,2026-09-14T10:08:27.329910+00:00
915915833,15 KNOP AS,AS,Active / Operating,CURRENT,70.200,Bedriftsrådgivning og annen administrativ rådgivning,,,,,NOK,,2026-09-14T10:08:18.835804+00:00
916550154,365WINES AS,AS,Active / Operating,CURRENT,46.340,Engroshandel med drikkevarer,,,,,NOK,,2026-09-14T10:08:27.330909+00:00
915831230,2B PROSJEKT AS,AS,Active / Operating,CURRENT,68.320,Eiendomsforvaltning på oppdrag,,,,,NOK,,2026-09-14T10:08:23.341481+00:00
993188921,15 MEANINGS AS,AS,Active / Operating,CURRENT,62.100,Dataprogrammeringstjenester,,,,,NOK,,2026-09-14T10:08:18.835804+00:00
933356213,2BARCTIC AS,AS,In Liquidation,CURRENT,70.200,Bedriftsrådgivning og annen administrativ rådgivning,,,,,NOK,,2026-09-14T10:08:23.342480+00:00
935012724,150 HOLDING AS,AS,Active / Operating,CURRENT,00.000,Uoppgitt,,,,,NOK,,2026-09-14T10:08:18.836803+00:00
929043413,2BERG AS,AS,Active / Operating,CURRENT,86.993,Andre helsetjenester ellers,,,,,NOK,,2026-09-14T10:08:23.342480+00:00
998763320,2BERG INVEST AS,AS,Active / Operating,CURRENT,64.323,Andre egeninvesteringsselskaper,,,,,NOK,,2026-09-14T10:08:23.342480+00:00
933645258,369 HOLDING AS,AS,Active / Operating,CURRENT,68.200,Utleie av egen eller leid fast eiendom,,,,,NOK,,2026-09-14T10:08:27.330909+00:00
918774459,150 YARDS AHEAD AS,AS,Active / Operating,CURRENT,74.110,"Industri-, produkt- og motedesignvirksomhet",,,,,NOK,,2026-09-14T10:08:18.836803+00:00
913444019,377 SPORT AS,AS,Active / Operating,CURRENT,47.510,Detaljhandel med tekstiler og utstyrsvarer,,,,,NOK,,2026-09-14T10:08:27.330909+00:00
838081142,368 KAPITAL AS,AS,Active / Operating,CURRENT,00.000,Uoppgitt,,,,,NOK,,2026-09-14T10:08:27.330909+00:00
938117993,151 HOLDING AS,AS,Active / Operating,CURRENT,00.000,Uoppgitt,,,,,NOK,,2026-09-14T10:08:18.836803+00:00
913106679,2BH ENEBAKKVEIEN 305 AS,AS,Active / Operating,CURRENT,68.200,Utleie av egen eller leid fast eiendom,,,,,NOK,,2026-09-14T10:08:23.342480+00:00
934397592,151 RECORDS AS,AS,Active / Operating,CURRENT,74.990,"All annen faglig, vitenskapelig og teknisk virksomhet ikke nevnt annet sted",,,,,NOK,,2026-09-14T10:08:18.837804+00:00
937571569,153 INVEST AS,AS,Active / Operating,CURRENT,68.200,Utleie av egen eller leid fast eiendom,,,,,NOK,,2026-09-14T10:08:18.837804+00:00
927626586,384K VENTURES AS,AS,Active / Operating,CURRENT,70.200,Bedriftsrådgivning og annen administrativ rådgivning,,,,,NOK,,2026-09-14T10:08:27.331909+00:00
929289188,2BIAS AS,AS,Active / Operating,CURRENT,00.000,Uoppgitt,,,,,NOK,,2026-09-14T10:08:23.342997+00:00
936921248,3A BYGG AS,AS,Active / Operating,CURRENT,41.000,Oppføring av bygninger,,,,,NOK,,2026-09-14T10:08:27.331909+00:00
998777313,2BIER AS,AS,Active / Operating,CURRENT,01.489,Husdyrhold ikke nevnt annet sted,,,,,NOK,,2026-09-14T10:08:23.342997+00:00
931700693,1534 CROWNS AS,AS,Active / Operating,CURRENT,47.780,Annen detaljhandel med andre nye varer,,,,,NOK,,2026-09-14T10:08:18.837804+00:00
912381226,3A EIENDOM 1 AS,AS,Active / Operating,CURRENT,68.200,Utleie av egen eller leid fast eiendom,,,,,NOK,,2026-09-14T10:08:27.331909+00:00
912381277,3A EIENDOM 3 AS,AS,Active / Operating,CURRENT,68.200,Utleie av egen eller leid fast eiendom,,,,,NOK,,2026-09-14T10:08:27.331909+00:00
830787682,2BR EIENDOM AS,AS,Active / Operating,CURRENT,68.200,Utleie av egen eller leid fast eiendom,,,,,NOK,,2026-09-14T10:08:23.342997+00:00
912381307,3A EIENDOM 2 AS,AS,Active / Operating,CURRENT,68.200,Utleie av egen eller leid fast eiendom,,,,,NOK,,2026-09-14T10:08:27.331909+00:00
921994605,1540 HERITAGE CAPITAL AS,AS,Active / Operating,CURRENT,00.000,Uoppgitt,,,,,NOK,,2026-09-14T10:08:18.837804+00:00
924438312,1550 INVEST AS,AS,Active / Operating,CURRENT,00.000,Uoppgitt,,,,,NOK,,2026-09-14T10:08:18.837804+00:00
929843835,2BY2 BYGG AS,AS,Active / Operating,CURRENT,41.000,Oppføring av bygninger,,,,,NOK,,2026-09-14T10:08:23.343521+00:00
912755061,3A EIENDOM 4 AS,AS,Active / Operating,CURRENT,68.200,Utleie av egen eller leid fast eiendom,,,,,NOK,,2026-09-14T10:08:27.331909+00:00
921260083,3A EIENDOM AS,AS,Active / Operating,CURRENT,68.120,Utvikling og salg av byggeprosjekter,,,,,NOK,,2026-09-14T10:08:27.331909+00:00
914629349,1564 INVEST AS,AS,Active / Operating,CURRENT,68.200,Utleie av egen eller leid fast eiendom,,,,,NOK,,2026-09-14T10:08:18.837804+00:00
883466632,1550 TAURO AS,AS,Active / Operating,CURRENT,68.200,Utleie av egen eller leid fast eiendom,,,,,NOK,,2026-09-14T10:08:18.837804+00:00
925116467,2C CREATIVE AS,AS,Active / Operating,CURRENT,73.300,Pr og kommunikasjonstjenester,,,,,NOK,,2026-09-14T10:08:23.343521+00:00
919031921,3A HOLDING AS,AS,Active / Operating,CURRENT,68.110,Kjøp og salg av egen fast eiendom,,,,,NOK,,2026-09-14T10:08:27.331909+00:00
896428942,2C MEDIA AS,AS,Active / Operating,CURRENT,73.110,Reklamebyråvirksomhet,,,,,NOK,,2026-09-14T10:08:23.343521+00:00
918450920,1593 HOLDING AS,AS,Active / Operating,CURRENT,77.390,Utleie og leasing av andre maskiner og annet utstyr og materiell ikke nevnt annet sted,,,,,NOK,,2026-09-14T10:08:18.838801+00:00
935754615,3ACK AS,AS,Active / Operating,CURRENT,62.100,Dataprogrammeringstjenester,,,,,NOK,,2026-09-14T10:08:27.331909+00:00
923832742,2CARE AS,AS,Active / Operating,CURRENT,88.101,Praktisk bistand i hjemmet,,,,,NOK,,2026-09-14T10:08:23.343521+00:00
976114329,3ANGLE AS,AS,Active / Operating,CURRENT,73.110,Reklamebyråvirksomhet,,,,,NOK,,2026-09-14T10:08:27.331909+00:00
912464288,15D INVEST AS,AS,Active / Operating,CURRENT,00.000,Uoppgitt,,,,,NOK,,2026-09-14T10:08:18.838801+00:00
929170806,16 HOLDING AS,AS,Active / Operating,CURRENT,73.110,Reklamebyråvirksomhet,,,,,NOK,,2026-09-14T10:08:19.572374+00:00
923680942,3B AGRO AS,AS,Active / Operating,CURRENT,46.610,Engroshandel med maskiner og utstyr til jordbruk og skogbruk,,,,,NOK,,2026-09-14T10:08:27.333416+00:00
934937120,1646 PROPERTIES BIDCO AS,AS,Active / Operating,CURRENT,68.110,Kjøp og salg av egen fast eiendom,,,,,NOK,,2026-09-14T10:08:19.572374+00:00
918755675,3B AUTO AS,AS,Active / Operating,CURRENT,47.810,Detaljhandel med motorvogner,,,,,NOK,,2026-09-14T10:08:27.333416+00:00
996170756,2CASA AS,AS,Active / Operating,CURRENT,68.200,Utleie av egen eller leid fast eiendom,,,,,NOK,,2026-09-14T10:08:23.344543+00:00
934937384,1646 PROPERTIES HOLDCO AS,AS,Active / Operating,CURRENT,68.110,Kjøp og salg av egen fast eiendom,,,,,NOK,,2026-09-14T10:08:19.572374+00:00
936056997,3B BYGG & EIENDOM AS,AS,Active / Operating,CURRENT,43.320,Snekkerarbeid,,,,,NOK,,2026-09-14T10:08:27.333416+00:00
914534534,16D DIGITALISERING AS,AS,Active / Operating,CURRENT,62.100,Dataprogrammeringstjenester,,,,,NOK,,2026-09-14T10:08:19.572374+00:00
994764888,2COM AS,AS,Active / Operating,CURRENT,68.200,Utleie av egen eller leid fast eiendom,,,,,NOK,,2026-09-14T10:08:23.344543+00:00
927208148,17. MAIGT 8 AS,AS,Active / Operating,CURRENT,68.110,Kjøp og salg av egen fast eiendom,,,,,NOK,,2026-09-14T10:08:19.573370+00:00
914449820,3B HM INVEST AS,AS,In Liquidation,CURRENT,71.129,Annen teknisk konsulentvirksomhet,,,,,NOK,,2026-09-14T10:08:27.333416+00:00
917875170,2CREATE AS,AS,Active / Operating,CURRENT,74.130,Interiørdesignvirksomhet,,,,,NOK,,2026-09-14T10:08:23.344543+00:00
932861852,1702 INVEST AS,AS,Active / Operating,CURRENT,00.000,Uoppgitt,,,,,NOK,,2026-09-14T10:08:19.573370+00:00
935359481,1711 INVEST AS,AS,Active / Operating,CURRENT,00.000,Uoppgitt,,,,,NOK,,2026-09-14T10:08:19.573370+00:00
917619727,2CW GRUPPEN AS,AS,Active / Operating,CURRENT,68.120,Utvikling og salg av byggeprosjekter,,,,,NOK,,2026-09-14T10:08:23.345533+00:00
996236196,2D HOLDING AS,AS,Active / Operating,CURRENT,64.323,Andre egeninvesteringsselskaper,,,,,NOK,,2026-09-14T10:08:23.345533+00:00
911962241,3B HYTTESERVICE AS,AS,Active / Operating,CURRENT,68.200,Utleie av egen eller leid fast eiendom,,,,,NOK,,2026-09-14T10:08:27.333416+00:00
889237112,1708 HOLDING AS,AS,Active / Operating,CURRENT,68.200,Utleie av egen eller leid fast eiendom,,,,,NOK,,2026-09-14T10:08:19.573370+00:00
938374902,3B HOLDING AS,AS,Active / Operating,CURRENT,00.000,Uoppgitt,,,,,NOK,,2026-09-14T10:08:27.333416+00:00
934872320,2D VICTOR AS,AS,Active / Operating,CURRENT,00.000,Uoppgitt,,,,,NOK,,2026-09-14T10:08:23.345533+00:00
912672239,3B INNOVATION AS,AS,Active / Operating,CURRENT,70.200,Bedriftsrådgivning og annen administrativ rådgivning,,,,,NOK,,2026-09-14T10:08:27.333416+00:00
989395734,1750 INVEST AS,AS,Active / Operating,CURRENT,64.323,Andre egeninvesteringsselskaper,,,,,NOK,,2026-09-14T10:08:19.573370+00:00
921360053,2DALE AS,AS,Active / Operating,CURRENT,00.000,Uoppgitt,,,,,NOK,,2026-09-14T10:08:23.345533+00:00
927630869,1798 INVEST AS,AS,Active / Operating,CURRENT,68.200,Utleie av egen eller leid fast eiendom,,,,,NOK,,2026-09-14T10:08:19.573370+00:00
927448971,3B INVEST & EIENDOM AS,AS,Active / Operating,CURRENT,68.200,Utleie av egen eller leid fast eiendom,,,,,NOK,,2026-09-14T10:08:27.333416+00:00
931744682,1779 HOLDING AS,AS,Compulsory Dissolution,CURRENT,00.000,Uoppgitt,,,,,NOK,,2026-09-14T10:08:19.573370+00:00
995566591,2DAY AS,AS,Active / Operating,CURRENT,68.200,Utleie av egen eller leid fast eiendom,,,,,NOK,,2026-09-14T10:08:23.345533+00:00
923751513,2DESIGN AS,AS,Active / Operating,CURRENT,74.110,"Industri-, produkt- og motedesignvirksomhet",,,,,NOK,,2026-09-14T10:08:23.923489+00:00
926949713,3B MEDIA HOUSE AS,AS,Active / Operating,CURRENT,73.110,Reklamebyråvirksomhet,,,,,NOK,,2026-09-14T10:08:27.334429+00:00
918279857,3B NORGE AS,AS,Active / Operating,CURRENT,68.200,Utleie av egen eller leid fast eiendom,,,,,NOK,,2026-09-14T10:08:27.334429+00:00
932688956,2DRILL AS,AS,Active / Operating,CURRENT,43.420,Annen spesialisert byggevirksomhet i forbindelse med oppføring av bygninger,,,,,NOK,,2026-09-14T10:08:23.923489+00:00
919863412,3B PROSJEKT AS,AS,Active / Operating,CURRENT,68.110,Kjøp og salg av egen fast eiendom,,,,,NOK,,2026-09-14T10:08:27.334429+00:00
998594847,3B SERVICE AS,AS,Active / Operating,CURRENT,68.200,Utleie av egen eller leid fast eiendom,,,,,NOK,,2026-09-14T10:08:27.334429+00:00
932039613,18 WARD AS,AS,Active / Operating,CURRENT,70.200,Bedriftsrådgivning og annen administrativ rådgivning,,,,,NOK,,2026-09-14T10:08:19.574672+00:00
933487776,2ENERGIES AS,AS,Active / Operating,CURRENT,71.129,Annen teknisk konsulentvirksomhet,,,,,NOK,,2026-09-14T10:08:23.923489+00:00
935254329,180 DEGREES AS,AS,Active / Operating,CURRENT,96.210,Frisering og barbering,,,,,NOK,,2026-09-14T10:08:19.574672+00:00
935302331,2E SPORTS AGENCY AS,AS,Active / Operating,CURRENT,74.990,"All annen faglig, vitenskapelig og teknisk virksomhet ikke nevnt annet sted",,,,,NOK,,2026-09-14T10:08:23.923489+00:00
929202007,3BEN AS,AS,Active / Operating,CURRENT,74.110,"Industri-, produkt- og motedesignvirksomhet",,,,,NOK,,2026-09-14T10:08:27.334429+00:00
927018020,2EYES CONSULTING AS,AS,Active / Operating,CURRENT,82.990,Annen forretningsmessig tjenesteyting ikke nevnt annet sted,,,,,NOK,,2026-09-14T10:08:23.924825+00:00
930465348,2F HOLDING AS,AS,Active / Operating,CURRENT,68.120,Utvikling og salg av byggeprosjekter,,,,,NOK,,2026-09-14T10:08:23.924825+00:00
932212803,3BH INVEST AS,AS,Active / Operating,CURRENT,56.110,Drift av restauranter,,,,,NOK,,2026-09-14T10:08:27.334429+00:00
919993790,1814 BOLIG AS,AS,Active / Operating,CURRENT,68.120,Utvikling og salg av byggeprosjekter,,,,,NOK,,2026-09-14T10:08:19.575695+00:00
925415359,2F EIENDOM AS,AS,Active / Operating,CURRENT,68.120,Utvikling og salg av byggeprosjekter,,,,,NOK,,2026-09-14T10:08:23.924825+00:00
926907980,3BM NÆRING AS,AS,Active / Operating,CURRENT,68.120,Utvikling og salg av byggeprosjekter,,,,,NOK,,2026-09-14T10:08:27.335942+00:00
923831010,3BL GROUP AS,AS,Active / Operating,CURRENT,70.200,Bedriftsrådgivning og annen administrativ rådgivning,,,,,NOK,,2026-09-14T10:08:27.334429+00:00
925837350,1814 HOLDING AS,AS,Active / Operating,CURRENT,68.110,Kjøp og salg av egen fast eiendom,,,,,NOK,,2026-09-14T10:08:19.575695+00:00
918502742,2FAST AS,AS,Active / Operating,CURRENT,79.121,Aktiviteter utført av utflukts- og eventarrangører,,,,,NOK,,2026-09-14T10:08:23.924825+00:00
925701300,3BME HOLDING AS,AS,Active / Operating,CURRENT,68.200,Utleie av egen eller leid fast eiendom,,,,,NOK,,2026-09-14T10:08:27.335942+00:00
935292476,1814 BYGG AS,AS,Active / Operating,CURRENT,41.000,Oppføring av bygninger,,,,,NOK,,2026-09-14T10:08:19.575695+00:00
816022932,1814 NORD AS,AS,Active / Operating,CURRENT,68.110,Kjøp og salg av egen fast eiendom,,,,,NOK,,2026-09-14T10:08:19.575695+00:00
913810139,2FISK AS,AS,Active / Operating,CURRENT,03.110,Fiske og fangst i sjø,,,,,NOK,,2026-09-14T10:08:23.924825+00:00
831882972,3BONA AS,AS,Active / Operating,CURRENT,70.200,Bedriftsrådgivning og annen administrativ rådgivning,,,,,NOK,,2026-09-14T10:08:27.335942+00:00
930675725,1814 PROSJEKT 1 AS,AS,Active / Operating,CURRENT,68.120,Utvikling og salg av byggeprosjekter,,,,,NOK,,2026-09-14T10:08:19.576693+00:00
916869479,3BR CONSULTING AS,AS,Active / Operating,CURRENT,68.120,Utvikling og salg av byggeprosjekter,,,,,NOK,,2026-09-14T10:08:27.941840+00:00
926727214,2FJELL EIGEDOM AS,AS,Active / Operating,CURRENT,68.110,Kjøp og salg av egen fast eiendom,,,,,NOK,,2026-09-14T10:08:23.925823+00:00
919993847,1814 UTVIKLING AS,AS,Active / Operating,CURRENT,68.120,Utvikling og salg av byggeprosjekter,,,,,NOK,,2026-09-14T10:08:19.576693+00:00
934298136,2FT BYGG AS,AS,Active / Operating,CURRENT,43.350,Annen ferdiggjøring av bygninger,,,,,NOK,,2026-09-14T10:08:23.925823+00:00
935851661,1816 INVEST AS,AS,Active / Operating,CURRENT,00.000,Uoppgitt,,,,,NOK,,2026-09-14T10:08:19.576693+00:00
993482226,3BSL AS,AS,Active / Operating,CURRENT,68.120,Utvikling og salg av byggeprosjekter,,,,,NOK,,2026-09-14T10:08:27.942835+00:00
926280791,2FT HOLDING AS,AS,Active / Operating,CURRENT,00.000,Uoppgitt,,,,,NOK,,2026-09-14T10:08:23.925823+00:00
935935806,3BUNNLINJER AS,AS,Active / Operating,CURRENT,70.200,Bedriftsrådgivning og annen administrativ rådgivning,,,,,NOK,,2026-09-14T10:08:27.942835+00:00
926765701,3BROTHERS AS,AS,Active / Operating,CURRENT,47.640,Detaljhandel med spill og leker,,,,,NOK,,2026-09-14T10:08:27.942835+00:00
994936093,1818 OPPLYSNINGSTJENESTEN AS,AS,Active / Operating,CURRENT,82.200,Telefonvakttjenester og telefonsalg,,,,,NOK,,2026-09-14T10:08:19.577672+00:00
928745058,2GEN AS,AS,Active / Operating,CURRENT,46.900,Uspesifisert engroshandel,,,,,NOK,,2026-09-14T10:08:23.925823+00:00
930358169,3BY3 NORWAY AS,AS,Active / Operating,CURRENT,70.200,Bedriftsrådgivning og annen administrativ rådgivning,,,,,NOK,,2026-09-14T10:08:27.942835+00:00
922263418,2GM EIENDOM AS,AS,Active / Operating,CURRENT,68.320,Eiendomsforvaltning på oppdrag,,,,,NOK,,2026-09-14T10:08:23.925823+00:00
931716255,2GRAF AS,AS,Active / Operating,CURRENT,74.110,"Industri-, produkt- og motedesignvirksomhet",,,,,NOK,,2026-09-14T10:08:23.926823+00:00
929526678,1820 SKIN CLINIC AS,AS,Active / Operating,CURRENT,96.220,Skjønnhetspleie,,,,,NOK,,2026-09-14T10:08:19.577672+00:00
898610942,3BYGG AS,AS,Active / Operating,CURRENT,41.000,Oppføring av bygninger,,,,,NOK,,2026-09-14T10:08:27.942835+00:00
931952269,182MEDIA AS,AS,Active / Operating,CURRENT,74.200,Fotografvirksomhet,,,,,NOK,,2026-09-14T10:08:19.577672+00:00
896082582,2GREEN CONSULTING AS,AS,Active / Operating,CURRENT,70.200,Bedriftsrådgivning og annen administrativ rådgivning,,,,,NOK,,2026-09-14T10:08:23.926823+00:00
931701088,1846 CLAUSEN HOLDING AS,AS,Active / Operating,CURRENT,68.200,Utleie av egen eller leid fast eiendom,,,,,NOK,,2026-09-14T10:08:19.577672+00:00
996082601,2GREEN HOLDING AS,AS,Active / Operating,CURRENT,70.200,Bedriftsrådgivning og annen administrativ rådgivning,,,,,NOK,,2026-09-14T10:08:23.926823+00:00
932690101,3C INVEST AS,AS,Active / Operating,CURRENT,00.000,Uoppgitt,,,,,NOK,,2026-09-14T10:08:27.943836+00:00
828034812,1842 HOLDING AS,AS,Active / Operating,CURRENT,00.000,Uoppgitt,,,,,NOK,,2026-09-14T10:08:19.577672+00:00
827366552,3BYGG-TAK AS,AS,In Bankruptcy,CURRENT,41.000,Oppføring av bygninger,,,,,NOK,,2026-09-14T10:08:27.942835+00:00
924791594,2GREEN INVEST AS,AS,Active / Operating,CURRENT,00.000,Uoppgitt,,,,,NOK,,2026-09-14T10:08:23.926823+00:00
912576787,2H EIENDOM AS,AS,Active / Operating,CURRENT,68.120,Utvikling og salg av byggeprosjekter,,,,,NOK,,2026-09-14T10:08:23.927838+00:00
913275748,2H CONSULTING AS,AS,Active / Operating,CURRENT,70.200,Bedriftsrådgivning og annen administrativ rådgivning,,,,,NOK,,2026-09-14T10:08:23.926823+00:00
922250197,3C TECHNOLOGY HOLDING AS,AS,Active / Operating,CURRENT,00.000,Uoppgitt,,,,,NOK,,2026-09-14T10:08:27.943836+00:00
898785122,3C UTVIKLING AS,AS,Active / Operating,CURRENT,64.323,Andre egeninvesteringsselskaper,,,,,NOK,,2026-09-14T10:08:27.943836+00:00
938111758,3CB HOLDING AS,AS,Active / Operating,CURRENT,00.000,Uoppgitt,,,,,NOK,,2026-09-14T10:08:27.943836+00:00
824615152,1852 BÅT OG MOTOR AS,AS,Active / Operating,CURRENT,47.632,Detaljhandel med fritidsbåter og tilhørende utstyr,,,,,NOK,,2026-09-14T10:08:19.578693+00:00
927648725,1852 HOLDING AS,AS,Active / Operating,CURRENT,00.000,Uoppgitt,,,,,NOK,,2026-09-14T10:08:19.578693+00:00
897414562,2H ELEKTRO AS,AS,Active / Operating,CURRENT,43.210,Elektrisk installasjonsarbeid,,,,,NOK,,2026-09-14T10:08:23.927838+00:00
936195180,2H HOLDING AS,AS,Active / Operating,CURRENT,00.000,Uoppgitt,,,,,NOK,,2026-09-14T10:08:23.927838+00:00
932726734,1852TST AS,AS,Active / Operating,CURRENT,71.129,Annen teknisk konsulentvirksomhet,,,,,NOK,,2026-09-14T10:08:19.578693+00:00
980885542,3D AKUSTIKK AS,AS,Active / Operating,CURRENT,71.121,Byggeteknisk konsulentvirksomhet,,,,,NOK,,2026-09-14T10:08:27.944340+00:00
921447000,3CHEFS AS,AS,Active / Operating,CURRENT,00.000,Uoppgitt,,,,,NOK,,2026-09-14T10:08:27.944340+00:00
914204364,1852 INVEST AS,AS,Active / Operating,CURRENT,68.110,Kjøp og salg av egen fast eiendom,,,,,NOK,,2026-09-14T10:08:19.578693+00:00
988942472,2H INVEST AS,AS,Active / Operating,CURRENT,64.323,Andre egeninvesteringsselskaper,,,,,NOK,,2026-09-14T10:08:23.927838+00:00
922724733,3D ANALYSE AS,AS,Active / Operating,CURRENT,63.100,"Datainfrastruktur, -behandling, -lagring og tilknyttede tjenester",,,,,NOK,,2026-09-14T10:08:27.944340+00:00
926046357,1859 HOLDING AS,AS,Active / Operating,CURRENT,68.200,Utleie av egen eller leid fast eiendom,,,,,NOK,,2026-09-14T10:08:19.579692+00:00
822277772,2H-INVEST AS,AS,Active / Operating,CURRENT,00.000,Uoppgitt,,,,,NOK,,2026-09-14T10:08:23.928824+00:00
934072391,1863 PROPERTIES AS,AS,Active / Operating,CURRENT,68.200,Utleie av egen eller leid fast eiendom,,,,,NOK,,2026-09-14T10:08:19.579692+00:00
925144517,2HB HOLDING AS,AS,Active / Operating,CURRENT,00.000,Uoppgitt,,,,,NOK,,2026-09-14T10:08:23.928824+00:00
981490274,3D ARKITEKTER AS,AS,Active / Operating,CURRENT,71.110,Arkitektvirksomhet,,,,,NOK,,2026-09-14T10:08:27.944340+00:00
896435302,3D BOLIG AS,AS,Active / Operating,CURRENT,63.100,"Datainfrastruktur, -behandling, -lagring og tilknyttede tjenester",,,,,NOK,,2026-09-14T10:08:27.944340+00:00
938019541,1875 GROUP AS,AS,Active / Operating,CURRENT,63.910,Drift av søkemotorer,,,,,NOK,,2026-09-14T10:08:19.579692+00:00
932973855,2HD ARCHITECTURE WORKSHOP AS,AS,Active / Operating,CURRENT,71.110,Arkitektvirksomhet,,,,,NOK,,2026-09-14T10:08:23.928824+00:00
838307922,1875 INFORMATION SERVICES AS,AS,Active / Operating,CURRENT,,,,,,,NOK,,2026-09-14T10:08:19.579692+00:00
930579904,2HENDER AS,AS,Active / Operating,CURRENT,46.180,Agenturhandel med spesialisert vareutvalg ellers,,,,,NOK,,2026-09-14T10:08:23.928824+00:00
930078069,3D BYGG OG TEGNING AS,AS,Compulsory Dissolution,CURRENT,41.000,Oppføring av bygninger,,,,,NOK,,2026-09-14T10:08:27.944340+00:00
938087407,1875 OPPLYSNINGSTJENESTER AS,AS,Active / Operating,CURRENT,60.390,Annen virksomhet for distribuering av innhold,,,,,NOK,,2026-09-14T10:08:19.580670+00:00
917819300,2HJUL EIENDOM AS,AS,Active / Operating,CURRENT,47.830,Detaljhandel med motorsykler og tilhørende deler og utstyr,,,,,NOK,,2026-09-14T10:08:23.928824+00:00
925141232,1883 MOH AS,AS,Active / Operating,CURRENT,70.200,Bedriftsrådgivning og annen administrativ rådgivning,,,,,NOK,,2026-09-14T10:08:19.580670+00:00
918044744,3D CONSTRUCTION AS,AS,Active / Operating,CURRENT,68.120,Utvikling og salg av byggeprosjekter,,,,,NOK,,2026-09-14T10:08:27.945349+00:00
943784299,1891 HOLDING AS,AS,Active / Operating,CURRENT,68.200,Utleie av egen eller leid fast eiendom,,,,,NOK,,2026-09-14T10:08:19.580670+00:00
930740403,2I KOMPETANSE AS,AS,Active / Operating,CURRENT,85.699,Andre tjenester tilknyttet undervisning ikke nevnt annet sted,,,,,NOK,,2026-09-14T10:08:23.928824+00:00
916719515,3D CONSULTING AS,AS,Active / Operating,CURRENT,71.129,Annen teknisk konsulentvirksomhet,,,,,NOK,,2026-09-14T10:08:27.945349+00:00
935197465,3D CON AS,AS,Active / Operating,CURRENT,71.110,Arkitektvirksomhet,,,,,NOK,,2026-09-14T10:08:27.945349+00:00
996953076,1896 INVEST AS,AS,Active / Operating,CURRENT,64.323,Andre egeninvesteringsselskaper,,,,,NOK,,2026-09-14T10:08:19.580670+00:00
996375528,2INSTINCTS AS,AS,Active / Operating,CURRENT,46.490,Engroshandel med andre husholdningsvarer,,,,,NOK,,2026-09-14T10:08:23.928824+00:00
937430876,18KCHRONO AS,AS,Active / Operating,CURRENT,46.480,"Engroshandel med klokker, ur og smykker",,,,,NOK,,2026-09-14T10:08:19.580670+00:00
924520760,3D DETAILING & BILPLEIE AS,AS,Active / Operating,CURRENT,95.310,Reparasjon og vedlikehold av motorvogner,,,,,NOK,,2026-09-14T10:08:27.945349+00:00
899223802,3D EIENDOM AS,AS,Active / Operating,CURRENT,41.000,Oppføring av bygninger,,,,,NOK,,2026-09-14T10:08:27.945349+00:00
936365442,19 EIGHTYSIX VENTURES AS,AS,Active / Operating,CURRENT,56.110,Drift av restauranter,,,,,NOK,,2026-09-14T10:08:19.580670+00:00
920439683,2J HOLDING AS,AS,Active / Operating,CURRENT,72.100,Forskning og eksperimentell utvikling innenfor naturvitenskap og teknikk,,,,,NOK,,2026-09-14T10:08:23.929845+00:00
931574914,3D EIENDOMSLEIE AS,AS,Active / Operating,CURRENT,68.110,Kjøp og salg av egen fast eiendom,,,,,NOK,,2026-09-14T10:08:27.945349+00:00
935824443,19 HERTZ AS,AS,Active / Operating,CURRENT,00.000,Uoppgitt,,,,,NOK,,2026-09-14T10:08:19.581670+00:00
928032485,2K INVEST AS,AS,Active / Operating,CURRENT,43.120,Grunnarbeid,,,,,NOK,,2026-09-14T10:08:23.929845+00:00
925470007,3D ESTATE HOLDING AS,AS,Active / Operating,CURRENT,00.000,Uoppgitt,,,,,NOK,,2026-09-14T10:08:27.946371+00:00
935213568,19:10 HOLDING AS,AS,Active / Operating,CURRENT,00.000,Uoppgitt,,,,,NOK,,2026-09-14T10:08:19.581670+00:00
989259873,2K SPAR AS,AS,Active / Operating,CURRENT,64.323,Andre egeninvesteringsselskaper,,,,,NOK,,2026-09-14T10:08:23.929845+00:00
927397900,3D FOTO AGDER AS,AS,Active / Operating,CURRENT,74.200,Fotografvirksomhet,,,,,NOK,,2026-09-14T10:08:27.946371+00:00
985907307,2K TECH AS,AS,Active / Operating,CURRENT,74.990,"All annen faglig, vitenskapelig og teknisk virksomhet ikke nevnt annet sted",,,,,NOK,,2026-09-14T10:08:23.929845+00:00
925386715,1904 EIENDOM AS,AS,Active / Operating,CURRENT,68.200,Utleie av egen eller leid fast eiendom,,,,,NOK,,2026-09-14T10:08:19.581670+00:00
921594631,3D INNOVATION NORDIC AS,AS,In Bankruptcy,CURRENT,46.900,Uspesifisert engroshandel,,,,,NOK,,2026-09-14T10:08:27.946371+00:00
888341692,1905 INVEST AS,AS,Active / Operating,CURRENT,68.110,Kjøp og salg av egen fast eiendom,,,,,NOK,,2026-09-14T10:08:19.581670+00:00
917790558,2KN RØR-SERVICE AS,AS,Active / Operating,CURRENT,43.221,Rørleggerarbeid,,,,,NOK,,2026-09-14T10:08:23.929845+00:00
931815474,3D INTERIOR AS,AS,Active / Operating,CURRENT,74.130,Interiørdesignvirksomhet,,,,,NOK,,2026-09-14T10:08:27.946371+00:00
926925873,1910-BYGGET AS,AS,Active / Operating,CURRENT,68.110,Kjøp og salg av egen fast eiendom,,,,,NOK,,2026-09-14T10:08:19.581670+00:00
925821225,1909 INVEST AS,AS,Active / Operating,CURRENT,00.000,Uoppgitt,,,,,NOK,,2026-09-14T10:08:19.581670+00:00
992509368,2KP BYGG AS,AS,Active / Operating,CURRENT,41.000,Oppføring av bygninger,,,,,NOK,,2026-09-14T10:08:23.929845+00:00
938487669,3D INVEST AS,AS,Active / Operating,CURRENT,46.430,Engroshandel med elektriske husholdningsapparater,,,,,NOK,,2026-09-14T10:08:27.946371+00:00
930992852,2KSOLUTION AS,AS,Active / Operating,CURRENT,41.000,Oppføring av bygninger,,,,,NOK,,2026-09-14T10:08:23.930823+00:00
998894638,3D INVESTERING AS,AS,Active / Operating,CURRENT,41.000,Oppføring av bygninger,,,,,NOK,,2026-09-14T10:08:27.946371+00:00
993410489,1912 NÆRING 1 AS,AS,Active / Operating,CURRENT,68.200,Utleie av egen eller leid fast eiendom,,,,,NOK,,2026-09-14T10:08:20.376326+00:00
833355392,2KTEK INGENIØRENE KANSTAD AS,AS,Active / Operating,CURRENT,71.121,Byggeteknisk konsulentvirksomhet,,,,,NOK,,2026-09-14T10:08:23.930823+00:00
818334532,3D KLO AS,AS,Active / Operating,CURRENT,72.100,Forskning og eksperimentell utvikling innenfor naturvitenskap og teknikk,,,,,NOK,,2026-09-14T10:08:27.946371+00:00
912055744,1912 TOP HOLDING AS,AS,Active / Operating,CURRENT,46.830,"Engroshandel med tømmer, trelast, byggevarer og sanitærutstyr",,,,,NOK,,2026-09-14T10:08:20.377325+00:00
835067572,3D KREATIV AS,AS,Active / Operating,CURRENT,74.110,"Industri-, produkt- og motedesignvirksomhet",,,,,NOK,,2026-09-14T10:08:27.946371+00:00
926160737,1916 INVEST AS,AS,Active / Operating,CURRENT,68.200,Utleie av egen eller leid fast eiendom,,,,,NOK,,2026-09-14T10:08:20.377325+00:00
920243258,2LATE AS,AS,Active / Operating,CURRENT,71.129,Annen teknisk konsulentvirksomhet,,,,,NOK,,2026-09-14T10:08:23.930823+00:00
830912452,3D LANDSKAP AS,AS,Active / Operating,CURRENT,74.120,Grafisk design og visuell kommunikasjonsdesign,,,,,NOK,,2026-09-14T10:08:27.947374+00:00
921964773,1940 HOLDING AS,AS,Active / Operating,CURRENT,43.120,Grunnarbeid,,,,,NOK,,2026-09-14T10:08:20.377325+00:00
930854352,2M HOLDING AS,AS,Active / Operating,CURRENT,00.000,Uoppgitt,,,,,NOK,,2026-09-14T10:08:23.930823+00:00
976577426,3D MARINE AS,AS,Active / Operating,CURRENT,00.000,Uoppgitt,,,,,NOK,,2026-09-14T10:08:27.947374+00:00
917394091,1949 INVEST AS,AS,Active / Operating,CURRENT,64.323,Andre egeninvesteringsselskaper,,,,,NOK,,2026-09-14T10:08:20.377325+00:00
935991498,2M HÅNDVERK AS,AS,Active / Operating,CURRENT,41.000,Oppføring av bygninger,,,,,NOK,,2026-09-14T10:08:23.930823+00:00
991315659,3D MEDIA AS,AS,Active / Operating,CURRENT,74.120,Grafisk design og visuell kommunikasjonsdesign,,,,,NOK,,2026-09-14T10:08:27.947374+00:00
919478063,1954 INVEST AS,AS,Active / Operating,CURRENT,68.110,Kjøp og salg av egen fast eiendom,,,,,NOK,,2026-09-14T10:08:20.378326+00:00
915079660,2M MALERFIRMA AS,AS,Active / Operating,CURRENT,43.340,Maler- og glassarbeid,,,,,NOK,,2026-09-14T10:08:23.930823+00:00
998444896,3D MOTION TECHNOLOGIES AS,AS,Active / Operating,CURRENT,72.100,Forskning og eksperimentell utvikling innenfor naturvitenskap og teknikk,,,,,NOK,,2026-09-14T10:08:27.947374+00:00
923790489,1975 HOLDING AS,AS,Active / Operating,CURRENT,90.390,Andre tjenester tilknyttet kunstnerisk virksomhet og underholdningsvirksomhet,,,,,NOK,,2026-09-14T10:08:20.378326+00:00
916177097,3D NORGE AS,AS,Active / Operating,CURRENT,74.120,Grafisk design og visuell kommunikasjonsdesign,,,,,NOK,,2026-09-14T10:08:27.947374+00:00
935189063,2M PADEL AS,AS,Active / Operating,CURRENT,70.200,Bedriftsrådgivning og annen administrativ rådgivning,,,,,NOK,,2026-09-14T10:08:23.930823+00:00
926188577,1977 HOLDING AS,AS,Active / Operating,CURRENT,74.990,"All annen faglig, vitenskapelig og teknisk virksomhet ikke nevnt annet sted",,,,,NOK,,2026-09-14T10:08:20.378326+00:00
991147489,2M-INVEST AS,AS,Active / Operating,CURRENT,68.200,Utleie av egen eller leid fast eiendom,,,,,NOK,,2026-09-14T10:08:23.930823+00:00
929891740,3D OPPMÅLING AS,AS,Active / Operating,CURRENT,71.123,Utarbeidelse av kart og oppmåling,,,,,NOK,,2026-09-14T10:08:27.947374+00:00
917546355,2KVIK BYGG AS,AS,Active / Operating,CURRENT,41.000,Oppføring av bygninger,,,,,NOK,,2026-09-14T10:08:23.930823+00:00
930858358,1978 INVEST AS,AS,Active / Operating,CURRENT,52.250,Logistikktjenester,,,,,NOK,,2026-09-14T10:08:20.379332+00:00
917615772,2M&CO AS,AS,Active / Operating,CURRENT,68.200,Utleie av egen eller leid fast eiendom,,,,,NOK,,2026-09-14T10:08:23.931849+00:00
930325686,1991 PRODUKSJON AS,AS,Active / Operating,CURRENT,90.390,Andre tjenester tilknyttet kunstnerisk virksomhet og underholdningsvirksomhet,,,,,NOK,,2026-09-14T10:08:20.379332+00:00
932048027,2MA INVEST AS,AS,Active / Operating,CURRENT,68.110,Kjøp og salg av egen fast eiendom,,,,,NOK,,2026-09-14T10:08:23.931849+00:00
919527455,3D PERSPECTIVE AS,AS,Active / Operating,CURRENT,62.100,Dataprogrammeringstjenester,,,,,NOK,,2026-09-14T10:08:27.948357+00:00
934230191,&STRATEGE AS,AS,Active / Operating,CURRENT,70.200,Bedriftsrådgivning og annen administrativ rådgivning,,Anne Dagrun Husabø,Tor Øyvind Bårdsen,598781.0,NOK,2025,2026-09-14T10:08:08.344327+00:00
997921178,2MATZ INVEST AS,AS,Active / Operating,CURRENT,00.000,Uoppgitt,,,,,NOK,,2026-09-14T10:08:24.624034+00:00
936050751,1997HOLDING AS,AS,Active / Operating,CURRENT,00.000,Uoppgitt,,,,,NOK,,2026-09-14T10:08:20.380326+00:00
935602009,2MAS AS,AS,Active / Operating,CURRENT,85.597,Annen undervisning ellers,,,,,NOK,,2026-09-14T10:08:24.624034+00:00
921199929,3D PRINTING AS,AS,Active / Operating,CURRENT,74.110,"Industri-, produkt- og motedesignvirksomhet",,,,,NOK,,2026-09-14T10:08:27.948357+00:00
934983564,&YTECH AS,AS,Active / Operating,CURRENT,62.200,Konsulentvirksomhet tilknyttet informasjonsteknologi og forvaltning og drift av it-systemer,,Andrew Thurl Vance,Andrew Thurl Vance,250000.0,NOK,2025,2026-09-14T10:08:08.346978+00:00
926800337,19LFS AS,AS,Active / Operating,CURRENT,71.129,Annen teknisk konsulentvirksomhet,,,,,NOK,,2026-09-14T10:08:20.380326+00:00
915237452,3D PROD AS,AS,Active / Operating,CURRENT,59.110,"Produksjon av film, video og fjernsynsprogrammer",,,,,NOK,,2026-09-14T10:08:27.948357+00:00
913140125,1B1 GROUP AS,AS,Active / Operating,CURRENT,90.201,Utøvende kunstnerisk virksomhet og underholdningsvirksomhet innenfor musikk,,,,,NOK,,2026-09-14T10:08:20.380326+00:00
998824141,2MBM AS,AS,Active / Operating,CURRENT,68.200,Utleie av egen eller leid fast eiendom,,,,,NOK,,2026-09-14T10:08:24.624034+00:00
935831326,+ BYGG PROSJEKT AS,AS,Active / Operating,CURRENT,41.000,Oppføring av bygninger,,Pål Richard Andersen,Fredrik Hvitstein Hansen,0.0,NOK,2025,2026-09-14T10:08:08.579277+00:00
919223510,1BEDRIFT.NO AS,AS,Active / Operating,CURRENT,70.200,Bedriftsrådgivning og annen administrativ rådgivning,,,,,NOK,,2026-09-14T10:08:20.380326+00:00
931975447,2MG HOLDING AS,AS,Active / Operating,CURRENT,00.000,Uoppgitt,,,,,NOK,,2026-09-14T10:08:24.625053+00:00
996418952,3D PROSJEKTERING AS,AS,Active / Operating,CURRENT,71.121,Byggeteknisk konsulentvirksomhet,,,,,NOK,,2026-09-14T10:08:27.948357+00:00
995451697,+2 INTERIØR AS,AS,Active / Operating,CURRENT,74.130,Interiørdesignvirksomhet,,Charlotte Selmer Gravdahl,Charlotte Selmer Gravdahl,7364644.0,NOK,2025,2026-09-14T10:08:08.583876+00:00
926756729,1BYGG AS,AS,Active / Operating,CURRENT,46.830,"Engroshandel med tømmer, trelast, byggevarer og sanitærutstyr",,,,,NOK,,2026-09-14T10:08:20.380326+00:00
924896426,3D REKLAME AS,AS,In Liquidation,CURRENT,59.110,"Produksjon av film, video og fjernsynsprogrammer",,,,,NOK,,2026-09-14T10:08:27.949351+00:00
998895804,2MIND DESIGN AS,AS,Active / Operating,CURRENT,74.120,Grafisk design og visuell kommunikasjonsdesign,,,,,NOK,,2026-09-14T10:08:24.625053+00:00
923807497,1C EIENDOM AS,AS,Active / Operating,CURRENT,68.200,Utleie av egen eller leid fast eiendom,,,,,NOK,,2026-09-14T10:08:20.380326+00:00
913779908,+ ARK AS,AS,Active / Operating,CURRENT,71.110,Arkitektvirksomhet,,Vidar Helge Kalmyren Bakke,Vidar Helge Kalmyren Bakke,477088.0,NOK,2025,2026-09-14T10:08:08.580818+00:00
932162342,2MINUTTER AS,AS,Active / Operating,CURRENT,59.110,"Produksjon av film, video og fjernsynsprogrammer",,,,,NOK,,2026-09-14T10:08:24.625053+00:00
927419319,3D TEGNING AS,AS,Active / Operating,CURRENT,71.121,Byggeteknisk konsulentvirksomhet,,,,,NOK,,2026-09-14T10:08:27.949351+00:00
931874012,3D VASK AS,AS,Active / Operating,CURRENT,95.310,Reparasjon og vedlikehold av motorvogner,,,,,NOK,,2026-09-14T10:08:27.949351+00:00
929403851,2MINUTTER STUDIO AS,AS,Active / Operating,CURRENT,59.110,"Produksjon av film, video og fjernsynsprogrammer",,,,,NOK,,2026-09-14T10:08:24.625053+00:00
917714266,3D TEKNIKK AS,AS,Active / Operating,CURRENT,71.129,Annen teknisk konsulentvirksomhet,,,,,NOK,,2026-09-14T10:08:27.949351+00:00
922178488,1EARTH HOLDING AS,AS,Active / Operating,CURRENT,70.200,Bedriftsrådgivning og annen administrativ rådgivning,,,,,NOK,,2026-09-14T10:08:20.381324+00:00
936584489,2ML INVEST AS,AS,Active / Operating,CURRENT,00.000,Uoppgitt,,,,,NOK,,2026-09-14T10:08:24.626054+00:00
998884160,2MINITZ AS,AS,Active / Operating,CURRENT,62.200,Konsulentvirksomhet tilknyttet informasjonsteknologi og forvaltning og drift av it-systemer,,,,,NOK,,2026-09-14T10:08:24.625053+00:00
928332381,2MORROW INVEST AS,AS,Active / Operating,CURRENT,00.000,Uoppgitt,,,,,NOK,,2026-09-14T10:08:24.626054+00:00
993807117,1ELEKTRIKER AS,AS,Active / Operating,CURRENT,43.210,Elektrisk installasjonsarbeid,,,,,NOK,,2026-09-14T10:08:20.381324+00:00
936155073,2MOVE AS,AS,Active / Operating,CURRENT,85.510,Undervisning innenfor idrett og rekreasjon,,,,,NOK,,2026-09-14T10:08:24.626054+00:00
997471466,1DAYSERVICE TOTALBYGG AS,AS,Active / Operating,CURRENT,41.000,Oppføring av bygninger,,,,,NOK,,2026-09-14T10:08:20.380326+00:00
830300252,=SPORT AS,AS,Active / Operating,CURRENT,62.100,Dataprogrammeringstjenester,,,Petter Normann Rudi,0.0,NOK,2025,2026-09-14T10:08:08.585397+00:00
934592875,3D SCANDINAVIA AS,AS,Active / Operating,CURRENT,73.110,Reklamebyråvirksomhet,,,,,NOK,,2026-09-14T10:08:27.949351+00:00
990142041,3D VERIFIER AS,AS,Active / Operating,CURRENT,71.129,Annen teknisk konsulentvirksomhet,,,,,NOK,,2026-09-14T10:08:27.949351+00:00
925504149,3D VERKSTEDET AS,AS,Active / Operating,CURRENT,62.100,Dataprogrammeringstjenester,,,,,NOK,,2026-09-14T10:08:28.554221+00:00
837000602,0000 NORGE AS,AS,Active / Operating,CURRENT,79.121,Aktiviteter utført av utflukts- og eventarrangører,,,Shire Marius Standnes,,NOK,,2026-09-14T10:08:09.059914+00:00
931687050,1G1 INVEST AS,AS,Active / Operating,CURRENT,00.000,Uoppgitt,,,,,NOK,,2026-09-14T10:08:20.382325+00:00
922673055,2MREN AS,AS,Active / Operating,CURRENT,71.121,Byggeteknisk konsulentvirksomhet,,,,,NOK,,2026-09-14T10:08:24.626054+00:00
920415458,3D VISUALISERING OG DESIGN AS,AS,Active / Operating,CURRENT,74.120,Grafisk design og visuell kommunikasjonsdesign,,,,,NOK,,2026-09-14T10:08:28.554762+00:00
921826885,0001 INVEST AS,AS,Active / Operating,CURRENT,64.323,Andre egeninvesteringsselskaper,,,Terje Mjømen,,NOK,2025,2026-09-14T10:08:09.060911+00:00
921825846,1H HOLDING AS,AS,Active / Operating,CURRENT,00.000,Uoppgitt,,,,,NOK,,2026-09-14T10:08:20.382325+00:00
923438114,2MT HOLDING AS,AS,Active / Operating,CURRENT,56.300,Drift av barer,,,,,NOK,,2026-09-14T10:08:24.627065+00:00
934893824,006 HOLDING AS,AS,Active / Operating,CURRENT,59.200,Produksjon og utgivelse av musikk- og lydopptak,,,Lars Syljusveen,0.0,NOK,2025,2026-09-14T10:08:08.828210+00:00
923874844,1HARMONI AS,AS,Active / Operating,CURRENT,59.110,"Produksjon av film, video og fjernsynsprogrammer",,,,,NOK,,2026-09-14T10:08:20.382325+00:00
912530485,2MTR AS,AS,Active / Operating,CURRENT,70.200,Bedriftsrådgivning og annen administrativ rådgivning,,,,,NOK,,2026-09-14T10:08:24.627065+00:00
915119433,3D-COMPONENTS AS,AS,Active / Operating,CURRENT,28.410,Produksjon av maskiner og maskinverktøy til metallbearbeiding,,,,,NOK,,2026-09-14T10:08:28.555272+00:00
917572305,007 TRANSPORT AS,AS,Active / Operating,CURRENT,53.200,Andre post- og budtjenester,,Derek Colin Dawson,Kai Wille Holtan,508039.0,NOK,2024,2026-09-14T10:08:09.063930+00:00
893311742,2MTT AS,AS,Active / Operating,CURRENT,68.120,Utvikling og salg av byggeprosjekter,,,,,NOK,,2026-09-14T10:08:24.627065+00:00
995311321,1HJELP.NO AS,AS,Active / Operating,CURRENT,85.597,Annen undervisning ellers,,,,,NOK,,2026-09-14T10:08:20.383327+00:00
995003163,3D-ELEKTRONIKK AS,AS,Active / Operating,CURRENT,43.210,Elektrisk installasjonsarbeid,,,,,NOK,,2026-09-14T10:08:28.555272+00:00
919732725,00NATION AS,AS,Active / Operating,CURRENT,93.292,Fritidsvirksomhet ellers,,Tore Sebastian Damhaug Geurts,Runar Eidsaa,20815071.0,NOK,2024,2026-09-14T10:08:09.065937+00:00
931629107,1ESTÅENDE AS,AS,Active / Operating,CURRENT,71.129,Annen teknisk konsulentvirksomhet,,,,,NOK,,2026-09-14T10:08:20.382325+00:00
923271805,0-STRESS FRISØR AS,AS,Active / Operating,CURRENT,96.210,Frisering og barbering,,,Kristin Myrvågnes,1444186.0,NOK,2025,2026-09-14T10:08:08.828210+00:00
935690048,2N CYBER AS,AS,Active / Operating,CURRENT,62.200,Konsulentvirksomhet tilknyttet informasjonsteknologi og forvaltning og drift av it-systemer,,,,,NOK,,2026-09-14T10:08:24.627065+00:00
939188371,3D-ELEKTROSENTER AS,AS,Active / Operating,CURRENT,47.400,Detaljhandel med informasjons- og kommunikasjonsteknologiutstyr,,,,,NOK,,2026-09-14T10:08:28.555272+00:00
935211026,00SMART AS,AS,Active / Operating,CURRENT,62.100,Dataprogrammeringstjenester,,Mohsen Hosamo,Mohsen Hosamo,100000.0,NOK,2025,2026-09-14T10:08:09.067933+00:00
935538432,1JON AS,AS,Active / Operating,CURRENT,00.000,Uoppgitt,,,,,NOK,,2026-09-14T10:08:20.383837+00:00
995677105,2N EIENDOM AS,AS,Active / Operating,CURRENT,68.200,Utleie av egen eller leid fast eiendom,,,,,NOK,,2026-09-14T10:08:24.627065+00:00
920334504,3D-KNITTING & TECHNOLOGY AS,AS,Active / Operating,CURRENT,13.960,Produksjon av tekstiler til teknisk og industriell bruk,,,,,NOK,,2026-09-14T10:08:28.555272+00:00
937731167,01 CAPITAL AS,AS,Active / Operating,CURRENT,00.000,Uoppgitt,,Julian Sebastian Selnes,Julian Sebastian Selnes,,NOK,,2026-09-14T10:08:09.296122+00:00
918912177,3D-MODELLERING AS,AS,Active / Operating,CURRENT,71.129,Annen teknisk konsulentvirksomhet,,,,,NOK,,2026-09-14T10:08:28.556283+00:00
899315812,2N MONTASJE AS,AS,Active / Operating,CURRENT,43.340,Maler- og glassarbeid,,,,,NOK,,2026-09-14T10:08:24.627065+00:00
934144112,2ND FLOOR STUDIO AS,AS,Active / Operating,CURRENT,96.210,Frisering og barbering,,,,,NOK,,2026-09-14T10:08:24.628091+00:00
922370788,0102 MANAGEMENT AS,AS,Active / Operating,CURRENT,74.990,"All annen faglig, vitenskapelig og teknisk virksomhet ikke nevnt annet sted",,Erlend Buflaten,Erlend Buflaten,481807.0,NOK,2025,2026-09-14T10:08:09.299021+00:00
821575532,1KONTOR AS,AS,Active / Operating,CURRENT,70.200,Bedriftsrådgivning og annen administrativ rådgivning,,,,,NOK,,2026-09-14T10:08:20.384345+00:00
929438728,0177 OSLO AS,AS,Active / Operating,CURRENT,60.390,Annen virksomhet for distribuering av innhold,,Hampus Eriksson,Hampus Eriksson,940689.0,NOK,2024,2026-09-14T10:08:09.590347+00:00
990818916,3D-PROSJEKT AS,AS,Active / Operating,CURRENT,68.120,Utvikling og salg av byggeprosjekter,,,,,NOK,,2026-09-14T10:08:28.556283+00:00
913942914,1KRM AS,AS,Active / Operating,CURRENT,87.999,Andre botilbud innenfor sosiale tjenester ikke nevnt annet sted,,,,,NOK,,2026-09-14T10:08:20.384345+00:00
936727522,3DADS STUDIOS AS,AS,Active / Operating,CURRENT,62.100,Dataprogrammeringstjenester,,,,,NOK,,2026-09-14T10:08:28.556283+00:00
914041244,1LIFEAPP AS,AS,Active / Operating,CURRENT,62.100,Dataprogrammeringstjenester,,,,,NOK,,2026-09-14T10:08:20.384899+00:00
928882128,2ND HOME AS,AS,Active / Operating,CURRENT,68.200,Utleie av egen eller leid fast eiendom,,,,,NOK,,2026-09-14T10:08:24.628091+00:00
916147430,3DCLIMB AS,AS,Active / Operating,CURRENT,74.110,"Industri-, produkt- og motedesignvirksomhet",,,,,NOK,,2026-09-14T10:08:28.556283+00:00
918391983,1OFFSHORE AS,AS,Active / Operating,CURRENT,71.129,Annen teknisk konsulentvirksomhet,,,,,NOK,,2026-09-14T10:08:20.384899+00:00
922376018,02 EIENDOM AS,AS,Active / Operating,CURRENT,68.120,Utvikling og salg av byggeprosjekter,,,Kåre Johannes Lunde,355709.0,NOK,2025,2026-09-14T10:08:09.593015+00:00
928543404,2ND NORGE AS,AS,In Liquidation,CURRENT,47.120,Detaljhandel med bredt vareutvalg ellers,,,,,NOK,,2026-09-14T10:08:24.629066+00:00
933204502,1PERSON AS,AS,Active / Operating,CURRENT,56.210,Catering for arrangementer,,,,,NOK,,2026-09-14T10:08:20.386006+00:00
987156384,3DE ARKITEKTUR & DESIGN AS,AS,Active / Operating,CURRENT,71.110,Arkitektvirksomhet,,,,,NOK,,2026-09-14T10:08:28.556283+00:00
935154367,0243 HOLDING AS,AS,Active / Operating,CURRENT,86.210,Allmennlegetjenester,,,Joakim Bernardo Santiago Dahlgren,0.0,NOK,2025,2026-09-14T10:08:09.307728+00:00
930222038,2NDBEAUTY.NO AS,AS,Active / Operating,CURRENT,47.750,Detaljhandel med kosmetikk og toalettartikler,,,,,NOK,,2026-09-14T10:08:24.629066+00:00
936959709,3DEGREES (NORWAY) AS,AS,Active / Operating,CURRENT,70.200,Bedriftsrådgivning og annen administrativ rådgivning,,,,,NOK,,2026-09-14T10:08:28.556283+00:00
827855022,02HENNING AS,AS,Active / Operating,CURRENT,00.000,Uoppgitt,,,Henning Robberstad,,NOK,2025,2026-09-14T10:08:09.593015+00:00
935460522,2OM HOLDING AS,AS,Active / Operating,CURRENT,00.000,Uoppgitt,,,,,NOK,,2026-09-14T10:08:24.629066+00:00
918604510,3DELING NORWAY AS,AS,Active / Operating,CURRENT,71.129,Annen teknisk konsulentvirksomhet,,,,,NOK,,2026-09-14T10:08:28.556283+00:00
926136860,030 SOFTWARE AS,AS,Active / Operating,CURRENT,62.100,Dataprogrammeringstjenester,,,Martin Bryhni,0.0,NOK,2025,2026-09-14T10:08:09.309728+00:00
935395143,1RM HOLDING AS,AS,Active / Operating,CURRENT,00.000,Uoppgitt,,,,,NOK,,2026-09-14T10:08:20.386006+00:00
938422486,1S AUTO AS,AS,Active / Operating,CURRENT,,,,,,,NOK,,2026-09-14T10:08:20.386006+00:00
926433830,2P-HOLDING AS,AS,Active / Operating,CURRENT,23.110,Produksjon av planglass,,,,,NOK,,2026-09-14T10:08:24.629066+00:00
932605023,04 GSE SANDVIK AS,AS,Active / Operating,CURRENT,68.200,Utleie av egen eller leid fast eiendom,,,Karl Andreas Sandvik,,NOK,2025,2026-09-14T10:08:09.594029+00:00
935567645,1SB JERNBANEKAFEEN AS,AS,In Bankruptcy,CURRENT,56.110,Drift av restauranter,,,,,NOK,,2026-09-14T10:08:20.387021+00:00
928823970,3DFRACTAL AS,AS,Active / Operating,CURRENT,62.100,Dataprogrammeringstjenester,,,,,NOK,,2026-09-14T10:08:28.556283+00:00
916346913,"3DIGIT, MEASURE & POSITION AS",AS,Active / Operating,CURRENT,71.129,Annen teknisk konsulentvirksomhet,,,,,NOK,,2026-09-14T10:08:28.557283+00:00
937467206,2PARTNER AS,AS,Active / Operating,CURRENT,43.320,Snekkerarbeid,,,,,NOK,,2026-09-14T10:08:24.629066+00:00
932133563,04 HOLDING AS,AS,Active / Operating,CURRENT,00.000,Uoppgitt,,,Daniel Hansen Asmare,,NOK,2025,2026-09-14T10:08:09.908798+00:00
919438754,2PER AS,AS,Active / Operating,CURRENT,68.200,Utleie av egen eller leid fast eiendom,,,,,NOK,,2026-09-14T10:08:24.629066+00:00
927874326,3DINSUL AS,AS,Active / Operating,CURRENT,71.129,Annen teknisk konsulentvirksomhet,,,,,NOK,,2026-09-14T10:08:28.557283+00:00
929751353,04 INVEST AS,AS,Active / Operating,CURRENT,77.390,Utleie og leasing av andre maskiner og annet utstyr og materiell ikke nevnt annet sted,,Daniel Hansen Asmare,Daniel Hansen Asmare,127000.0,NOK,2025,2026-09-14T10:08:09.909799+00:00
919701226,0495 GREFSEN AS,AS,Active / Operating,CURRENT,68.120,Utvikling og salg av byggeprosjekter,,Thomas Nysæther,Bjørn Erik Dørstad,0.0,NOK,2025,2026-09-14T10:08:09.909799+00:00
830005412,1ST ENERGY AS,AS,Active / Operating,CURRENT,71.129,Annen teknisk konsulentvirksomhet,,,,,NOK,,2026-09-14T10:08:20.387021+00:00
998375509,2PLAN BYGG AS,AS,Active / Operating,CURRENT,41.000,Oppføring av bygninger,,,,,NOK,,2026-09-14T10:08:24.629066+00:00
917847266,3DM SIMTEK AS,AS,Active / Operating,CURRENT,71.129,Annen teknisk konsulentvirksomhet,,,,,NOK,,2026-09-14T10:08:28.557283+00:00
930468193,1STPOV AS,AS,Active / Operating,CURRENT,74.990,"All annen faglig, vitenskapelig og teknisk virksomhet ikke nevnt annet sted",,,,,NOK,,2026-09-14T10:08:20.387021+00:00
951240435,2R DATA OG REGNSKAP AS,AS,Active / Operating,CURRENT,69.202,Regnskapsføring og bokføring,,,,,NOK,,2026-09-14T10:08:24.629066+00:00
933373142,05060 TAXI AS,AS,Active / Operating,CURRENT,49.330,Passasjertransport på forespørsel utført av fører med kjøretøy,,Jan Erik Jahnsen,Asif Ullah Khalil,0.0,NOK,2025,2026-09-14T10:08:09.910800+00:00
921472218,3DMAKE AS,AS,Active / Operating,CURRENT,62.100,Dataprogrammeringstjenester,,,,,NOK,,2026-09-14T10:08:28.557283+00:00
999006434,1T TØMRER AS,AS,Active / Operating,CURRENT,41.000,Oppføring av bygninger,,,,,NOK,,2026-09-14T10:08:20.387021+00:00
932969068,2R EIENDOM AS,AS,Active / Operating,CURRENT,00.000,Uoppgitt,,,,,NOK,,2026-09-14T10:08:24.629066+00:00
932882329,3DMOD AS,AS,Active / Operating,CURRENT,74.110,"Industri-, produkt- og motedesignvirksomhet",,,,,NOK,,2026-09-14T10:08:28.557283+00:00
929403819,06 BOYS AS,AS,Active / Operating,CURRENT,90.201,Utøvende kunstnerisk virksomhet og underholdningsvirksomhet innenfor musikk,,Erlend Kåre Skeid,Håvard Søgnen Bjerkan,907071.0,NOK,2025,2026-09-14T10:08:10.910814+00:00
923050981,1UP HOLDING AS,AS,Active / Operating,CURRENT,00.000,Uoppgitt,,,,,NOK,,2026-09-14T10:08:20.388018+00:00
926919156,2R INVEST AS,AS,Active / Operating,CURRENT,00.000,Uoppgitt,,,,,NOK,,2026-09-14T10:08:24.630066+00:00
933216969,1TIL2 AS,AS,Active / Operating,CURRENT,49.410,Godstransport på vei,,,,,NOK,,2026-09-14T10:08:20.388018+00:00
989255290,06230 INVEST AS,AS,Active / Operating,CURRENT,62.200,Konsulentvirksomhet tilknyttet informasjonsteknologi og forvaltning og drift av it-systemer,,Erik Olsson,Erik Olsson,0.0,NOK,2025,2026-09-14T10:08:10.910814+00:00
989778501,3DP MODELLING AS,AS,Active / Operating,CURRENT,74.990,"All annen faglig, vitenskapelig og teknisk virksomhet ikke nevnt annet sted",,,,,NOK,,2026-09-14T10:08:28.557283+00:00
837408482,2R2K HOLDING AS,AS,Active / Operating,CURRENT,00.000,Uoppgitt,,,,,NOK,,2026-09-14T10:08:24.630066+00:00
935381800,3DPRINTA AS,AS,Active / Operating,CURRENT,47.780,Annen detaljhandel med andre nye varer,,,,,NOK,,2026-09-14T10:08:28.558282+00:00
927719118,1UP LIVE AS,AS,Active / Operating,CURRENT,59.110,"Produksjon av film, video og fjernsynsprogrammer",,,,,NOK,,2026-09-14T10:08:20.388018+00:00
832501832,3DPS AS,AS,Active / Operating,CURRENT,74.110,"Industri-, produkt- og motedesignvirksomhet",,,,,NOK,,2026-09-14T10:08:28.558282+00:00
915494935,2RBE1 AS,AS,Active / Operating,CURRENT,68.200,Utleie av egen eller leid fast eiendom,,,,,NOK,,2026-09-14T10:08:24.630066+00:00
992017015,07365 DOKVA AS,AS,Active / Operating,CURRENT,42.210,Bygging av vann- og kloakkanlegg,,,Henrik Bjarte Reigstad,478935.0,NOK,2025,2026-09-14T10:08:10.911811+00:00
915330193,1VASK AS,AS,In Bankruptcy,CURRENT,81.210,Rengjøring av bygninger,,,,,NOK,,2026-09-14T10:08:20.388018+00:00
925922196,07000 MOBILITY AS,AS,Active / Operating,CURRENT,73.110,Reklamebyråvirksomhet,,Jan Olaf Nordbye Valeur,Nils Børge Øvstedal,5274759.0,NOK,2025,2026-09-14T10:08:11.180602+00:00
991310517,3DTO1 AS,AS,Active / Operating,CURRENT,71.129,Annen teknisk konsulentvirksomhet,,,,,NOK,,2026-09-14T10:08:28.558282+00:00
919637439,2RE EIENDOM AS,AS,Active / Operating,CURRENT,68.200,Utleie av egen eller leid fast eiendom,,,,,NOK,,2026-09-14T10:08:24.630066+00:00
926116002,075X INVEST AS,AS,Active / Operating,CURRENT,00.000,Uoppgitt,,,Bendik Norheim Schei,,NOK,2025,2026-09-14T10:08:10.911811+00:00
919953586,2RE HOLDING AS,AS,Active / Operating,CURRENT,71.129,Annen teknisk konsulentvirksomhet,,,,,NOK,,2026-09-14T10:08:24.630066+00:00
929455614,1X HOLDING AS,AS,Active / Operating,CURRENT,00.000,Uoppgitt,,,,,NOK,,2026-09-14T10:08:20.388018+00:00
999127800,3DVERKET AS,AS,Active / Operating,CURRENT,62.100,Dataprogrammeringstjenester,,,,,NOK,,2026-09-14T10:08:28.558282+00:00
825769242,08 OSLO MARITIME AS,AS,Active / Operating,CURRENT,71.129,Annen teknisk konsulentvirksomhet,,Hans-Christian Opsann,Hans-Christian Opsann,717079.0,NOK,2025,2026-09-14T10:08:11.183309+00:00
930346942,2REM EIENDOM AS,AS,Active / Operating,CURRENT,68.200,Utleie av egen eller leid fast eiendom,,,,,NOK,,2026-09-14T10:08:24.630066+00:00
936133711,0805 SKR-HOLDING AS,AS,Active / Operating,CURRENT,00.000,Uoppgitt,,,Sturla Kjetil Rambjør,0.0,NOK,2025,2026-09-14T10:08:11.186876+00:00
913504119,2RENT NORWAY AS,AS,Active / Operating,CURRENT,47.820,Detaljhandel med deler og utstyr til motorvogner,,,,,NOK,,2026-09-14T10:08:24.630066+00:00
920273068,3DVIBBER AS,AS,Active / Operating,CURRENT,71.121,Byggeteknisk konsulentvirksomhet,,,,,NOK,,2026-09-14T10:08:28.558282+00:00
997021126,2 ANNE FRISØR AS,AS,Active / Operating,CURRENT,96.210,Frisering og barbering,,,,,NOK,,2026-09-14T10:08:20.388018+00:00
921581343,3E INVEST AS,AS,Active / Operating,CURRENT,00.000,Uoppgitt,,,,,NOK,,2026-09-14T10:08:28.558790+00:00
937276850,0815 ADVENTURES AS,AS,Active / Operating,CURRENT,00.000,Uoppgitt,,,René Rösner,,NOK,,2026-09-14T10:08:11.187963+00:00
936534112,2 BRØDRE HOLDING AS,AS,Active / Operating,CURRENT,68.200,Utleie av egen eller leid fast eiendom,,,,,NOK,,2026-09-14T10:08:20.388018+00:00
936562922,2RVE EIENDOM AS,AS,Active / Operating,CURRENT,68.110,Kjøp og salg av egen fast eiendom,,,,,NOK,,2026-09-14T10:08:24.631063+00:00
915057276,3E-HOLDING AS,AS,Active / Operating,CURRENT,64.323,Andre egeninvesteringsselskaper,,,,,NOK,,2026-09-14T10:08:28.558790+00:00
917218285,0DIN HOLDING AS,AS,Active / Operating,CURRENT,64.323,Andre egeninvesteringsselskaper,,Anders Odin Djerv Alveng,Anders Odin Djerv Alveng,,NOK,2025,2026-09-14T10:08:11.187421+00:00
914331684,3EID BYGG AS,AS,Active / Operating,CURRENT,41.000,Oppføring av bygninger,,,,,NOK,,2026-09-14T10:08:28.558790+00:00
926940740,0FRI10 AS,AS,Active / Operating,CURRENT,68.200,Utleie av egen eller leid fast eiendom,,,John George Tilley,0.0,NOK,2025,2026-09-14T10:08:11.707425+00:00
933807223,2RVE ENGROS AS,AS,Active / Operating,CURRENT,00.000,Uoppgitt,,,,,NOK,,2026-09-14T10:08:24.631063+00:00
936932444,2 CENTS AS,AS,Active / Operating,CURRENT,62.200,Konsulentvirksomhet tilknyttet informasjonsteknologi og forvaltning og drift av it-systemer,,,,,NOK,,2026-09-14T10:08:20.389579+00:00
930355267,3EIENDOM AS,AS,Active / Operating,CURRENT,68.200,Utleie av egen eller leid fast eiendom,,,,,NOK,,2026-09-14T10:08:28.558790+00:00
933741257,2RVE HOLDING AS,AS,Active / Operating,CURRENT,81.210,Rengjøring av bygninger,,,,,NOK,,2026-09-14T10:08:24.631063+00:00
937715838,0FRI101 AS,AS,Active / Operating,CURRENT,00.000,Uoppgitt,,John George Tilley,John George Tilley,,NOK,,2026-09-14T10:08:11.711429+00:00
934309316,2 EIENDOM AS,AS,Active / Operating,CURRENT,82.200,Telefonvakttjenester og telefonsalg,,,,,NOK,,2026-09-14T10:08:21.209993+00:00
930072508,0GCS AS,AS,Active / Operating,CURRENT,28.130,Produksjon av pumper og kompressorer ellers,,Knut Christian Brinch,Hans Kristian Steensnæs Omenaas,,NOK,2024,2026-09-14T10:08:11.710424+00:00
932865475,2 FRIENDS AS,AS,Active / Operating,CURRENT,56.110,Drift av restauranter,,,,,NOK,,2026-09-14T10:08:21.209993+00:00
992126434,2RZ HOLDING AS,AS,Active / Operating,CURRENT,69.201,Revisjon,,,,,NOK,,2026-09-14T10:08:24.631063+00:00
913811127,3ELEMENT AS,AS,Active / Operating,CURRENT,41.000,Oppføring av bygninger,,,,,NOK,,2026-09-14T10:08:28.558790+00:00
917041407,2S BYGG AS,AS,Active / Operating,CURRENT,41.000,Oppføring av bygninger,,,,,NOK,,2026-09-14T10:08:24.631063+00:00
937442092,0X HOLDING AS,AS,Active / Operating,CURRENT,00.000,Uoppgitt,,Henrik Molter Sommerin,Henrik Molter Sommerin,,NOK,,2026-09-14T10:08:11.711429+00:00
935402298,3ELEMENTUM AS,AS,Active / Operating,CURRENT,16.230,Produksjon av andre bygningsartikler,,,,,NOK,,2026-09-14T10:08:28.559803+00:00
936517072,0LOSS AS,AS,Active / Operating,CURRENT,00.000,Uoppgitt,,,Øyvinn Lossius,,NOK,,2026-09-14T10:08:11.711429+00:00
992408766,2 FRISØRER AS,AS,Active / Operating,CURRENT,96.210,Frisering og barbering,,,,,NOK,,2026-09-14T10:08:21.209993+00:00
937282885,3ESS AS,AS,Active / Operating,CURRENT,00.000,Uoppgitt,,,,,NOK,,2026-09-14T10:08:28.559803+00:00
924534796,2 GODE VENNER AS,AS,Active / Operating,CURRENT,56.300,Drift av barer,,,,,NOK,,2026-09-14T10:08:21.209993+00:00
921373449,2S IT AS,AS,Active / Operating,CURRENT,62.100,Dataprogrammeringstjenester,,,,,NOK,,2026-09-14T10:08:24.631063+00:00
920464963,0XHOLDING AS,AS,Active / Operating,CURRENT,62.200,Konsulentvirksomhet tilknyttet informasjonsteknologi og forvaltning og drift av it-systemer,,,Jon Julius Eide Johnsen,15000.0,NOK,2025,2026-09-14T10:08:12.042059+00:00
926706543,2 HJUL INVEST AS,AS,Active / Operating,CURRENT,47.830,Detaljhandel med motorsykler og tilhørende deler og utstyr,,,,,NOK,,2026-09-14T10:08:21.210991+00:00
989434667,3ESS KONSULENTSELSKAP AS,AS,Active / Operating,CURRENT,62.200,Konsulentvirksomhet tilknyttet informasjonsteknologi og forvaltning og drift av it-systemer,,,,,NOK,,2026-09-14T10:08:28.559803+00:00
954718115,1 2 3  SIVILARKITEKTER AS,AS,Active / Operating,CURRENT,71.110,Arkitektvirksomhet,,Arild Eikaas,Arild Eikaas,1071808.0,NOK,2025,2026-09-14T10:08:12.047245+00:00
923703330,2 HJUL SERVICE AS,AS,Active / Operating,CURRENT,95.320,Reparasjon og vedlikehold av motorsykler,,,,,NOK,,2026-09-14T10:08:21.210991+00:00
917418624,2S TILLER & NÆSS MALERSERVICE - JOMFRUSLETTFJELL HYTTESERVICE AS,AS,Active / Operating,CURRENT,43.340,Maler- og glassarbeid,,,,,NOK,,2026-09-14T10:08:24.632062+00:00
991516891,1 2 3 LØFT AS,AS,Active / Operating,CURRENT,49.410,Godstransport på vei,,Oddbjørn Øvrebø,Oddbjørn Øvrebø,,NOK,2025,2026-09-14T10:08:12.049766+00:00
916451407,2 HOLDING AS,AS,In Liquidation,CURRENT,64.323,Andre egeninvesteringsselskaper,,,,,NOK,,2026-09-14T10:08:21.210991+00:00
936040039,2S7 ENT AS,AS,Active / Operating,CURRENT,90.201,Utøvende kunstnerisk virksomhet og underholdningsvirksomhet innenfor musikk,,,,,NOK,,2026-09-14T10:08:24.632062+00:00
995098598,3ETAGE AS,AS,Active / Operating,CURRENT,68.200,Utleie av egen eller leid fast eiendom,,,,,NOK,,2026-09-14T10:08:28.559803+00:00
989571702,3ET MANAGEMENT AS,AS,Active / Operating,CURRENT,68.200,Utleie av egen eller leid fast eiendom,,,,,NOK,,2026-09-14T10:08:28.559803+00:00
918085726,1 BUDDY HOLDING AS,AS,Active / Operating,CURRENT,00.000,Uoppgitt,,,Frode Fiane,,NOK,2025,2026-09-14T10:08:12.049766+00:00
930378305,2 INVEST AS,AS,Active / Operating,CURRENT,00.000,Uoppgitt,,,,,NOK,,2026-09-14T10:08:21.210991+00:00
927062003,2SMART INVEST AS,AS,Active / Operating,CURRENT,00.000,Uoppgitt,,,,,NOK,,2026-09-14T10:08:24.632062+00:00
887841012,3F BRANNVERN AS,AS,Active / Operating,CURRENT,46.640,Engroshandel med maskiner og utstyr ellers,,,,,NOK,,2026-09-14T10:08:28.559803+00:00
933302679,2SPECIAL AS,AS,Active / Operating,CURRENT,47.780,Annen detaljhandel med andre nye varer,,,,,NOK,,2026-09-14T10:08:24.632062+00:00
933034887,1 BYGG AS,AS,Active / Operating,CURRENT,00.000,Uoppgitt,,,Lillian Thoresen,0.0,NOK,2025,2026-09-14T10:08:12.049766+00:00
998735068,3F EIENDOM AS,AS,Active / Operating,CURRENT,68.200,Utleie av egen eller leid fast eiendom,,,,,NOK,,2026-09-14T10:08:28.560800+00:00
919331720,2 LIVE AS,AS,Active / Operating,CURRENT,70.200,Bedriftsrådgivning og annen administrativ rådgivning,,,,,NOK,,2026-09-14T10:08:21.212006+00:00
935373832,2SST STAVANGER AS,AS,Active / Operating,CURRENT,49.410,Godstransport på vei,,,,,NOK,,2026-09-14T10:08:24.632062+00:00
996711803,3F HOLDING AS,AS,Active / Operating,CURRENT,68.110,Kjøp og salg av egen fast eiendom,,,,,NOK,,2026-09-14T10:08:28.560800+00:00
916318855,1 EIENDOM AS,AS,Active / Operating,CURRENT,68.200,Utleie av egen eller leid fast eiendom,,,Vegar Hauk,1262712.0,NOK,2025,2026-09-14T10:08:12.334165+00:00
826925922,2 M HOLDING AS,AS,Active / Operating,CURRENT,43.990,Annen spesialisert bygge- og anleggsvirksomhet ikke nevnt annet sted,,,,,NOK,,2026-09-14T10:08:21.212006+00:00
930340731,3FAS AS,AS,Active / Operating,CURRENT,71.129,Annen teknisk konsulentvirksomhet,,,,,NOK,,2026-09-14T10:08:28.560800+00:00
924469013,2 MALERE AS,AS,Active / Operating,CURRENT,43.340,Maler- og glassarbeid,,,,,NOK,,2026-09-14T10:08:21.212006+00:00
925397644,1 ELEKTRIKER AS,AS,Active / Operating,CURRENT,43.210,Elektrisk installasjonsarbeid,,,Jon Ragnar Jensen,381720.0,NOK,2025,2026-09-14T10:08:12.334165+00:00
933114589,2STERKE AS,AS,Active / Operating,CURRENT,43.120,Grunnarbeid,,,,,NOK,,2026-09-14T10:08:25.219220+00:00
934809173,3FAS ELEKTRO AS,AS,Active / Operating,CURRENT,43.210,Elektrisk installasjonsarbeid,,,,,NOK,,2026-09-14T10:08:28.560800+00:00
916573715,1 ETG LEIRVOLLEN 1A AS,AS,Active / Operating,CURRENT,68.200,Utleie av egen eller leid fast eiendom,,,Wenjuan Zhai,624730.0,NOK,2025,2026-09-14T10:08:12.334165+00:00
937086709,3FJELL AS,AS,Active / Operating,CURRENT,00.000,Uoppgitt,,,,,NOK,,2026-09-14T10:08:28.560800+00:00
935967414,1 GLAD AS,AS,Active / Operating,CURRENT,56.110,Drift av restauranter,,Sverre Glad Haug,Sverre Glad Haug,0.0,NOK,2025,2026-09-14T10:08:12.335165+00:00
992684844,2T HOLDING AS,AS,Active / Operating,CURRENT,68.200,Utleie av egen eller leid fast eiendom,,,,,NOK,,2026-09-14T10:08:25.219220+00:00
932250020,2 ME INVEST AS,AS,Active / Operating,CURRENT,00.000,Uoppgitt,,,,,NOK,,2026-09-14T10:08:21.212006+00:00
992472545,3G EIENDOM AS,AS,Active / Operating,CURRENT,68.200,Utleie av egen eller leid fast eiendom,,,,,NOK,,2026-09-14T10:08:28.560800+00:00
921260717,2 MINUTTER FOR HOLDING AS,AS,Active / Operating,CURRENT,68.110,Kjøp og salg av egen fast eiendom,,,,,NOK,,2026-09-14T10:08:21.212006+00:00
933901491,2T INVEST AS,AS,Active / Operating,CURRENT,68.200,Utleie av egen eller leid fast eiendom,,,,,NOK,,2026-09-14T10:08:25.220218+00:00
926551892,3G HOLDING AS,AS,Active / Operating,CURRENT,72.100,Forskning og eksperimentell utvikling innenfor naturvitenskap og teknikk,,,,,NOK,,2026-09-14T10:08:28.560800+00:00
924534206,1 INVEST AS,AS,Active / Operating,CURRENT,00.000,Uoppgitt,,,Martin Rasmussen,,NOK,2025,2026-09-14T10:08:12.575527+00:00
938069352,2 NORDIC GROUP AS,AS,Active / Operating,CURRENT,00.000,Uoppgitt,,,,,NOK,,2026-09-14T10:08:21.213521+00:00
836957512,3G HOLMEFJORD AS,AS,Active / Operating,CURRENT,00.000,Uoppgitt,,,,,NOK,,2026-09-14T10:08:28.561799+00:00
998597609,1 KLIKK AS,AS,Active / Operating,CURRENT,46.340,Engroshandel med drikkevarer,,Leif Egil Nilsen,Stig Ketil Lunde,,NOK,2025,2026-09-14T10:08:12.576571+00:00
912716457,2 PLAY AS,AS,In Bankruptcy,CURRENT,47.640,Detaljhandel med spill og leker,,,,,NOK,,2026-09-14T10:08:21.213521+00:00
934349148,2T4 BYGG AS,AS,In Bankruptcy,CURRENT,41.000,Oppføring av bygninger,,,,,NOK,,2026-09-14T10:08:25.220218+00:00
995523132,3G UTVIKLING AS,AS,Active / Operating,CURRENT,00.000,Uoppgitt,,,,,NOK,,2026-09-14T10:08:28.561799+00:00
932750279,1 NYGÅRD AS,AS,Active / Operating,CURRENT,00.000,Uoppgitt,,,Endre Nygård,0.0,NOK,2025,2026-09-14T10:08:12.576571+00:00
919097914,2 PONDER EL AS,AS,Active / Operating,CURRENT,43.210,Elektrisk installasjonsarbeid,,,,,NOK,,2026-09-14T10:08:21.213521+00:00
832124192,3GB EIENDOM AS,AS,Active / Operating,CURRENT,68.200,Utleie av egen eller leid fast eiendom,,,,,NOK,,2026-09-14T10:08:28.561799+00:00
914085292,2 ROM OG KJØKKEN AS,AS,Active / Operating,CURRENT,41.000,Oppføring av bygninger,,,,,NOK,,2026-09-14T10:08:21.214066+00:00
919871431,2TAL EIENDOMMER AS,AS,Active / Operating,CURRENT,68.200,Utleie av egen eller leid fast eiendom,,,,,NOK,,2026-09-14T10:08:25.221218+00:00
934168011,3GJW AS,AS,Active / Operating,CURRENT,68.110,Kjøp og salg av egen fast eiendom,,,,,NOK,,2026-09-14T10:08:28.561799+00:00
913662814,2 SA1X AS,AS,Active / Operating,CURRENT,68.120,Utvikling og salg av byggeprosjekter,,,,,NOK,,2026-09-14T10:08:21.214066+00:00
918745416,3GULV AS,AS,Active / Operating,CURRENT,43.330,Gulvlegging og tapetsering,,,,,NOK,,2026-09-14T10:08:28.561799+00:00
913646533,1 SAX AS,AS,Active / Operating,CURRENT,68.200,Utleie av egen eller leid fast eiendom,,,Jan-Erik Garen,70843.0,NOK,2025,2026-09-14T10:08:12.817399+00:00
989348809,2 SAKSER AS,AS,Active / Operating,CURRENT,96.210,Frisering og barbering,,,,,NOK,,2026-09-14T10:08:21.214066+00:00
998404967,3GULV SPESIALISTEN AS,AS,Active / Operating,CURRENT,43.330,Gulvlegging og tapetsering,,,,,NOK,,2026-09-14T10:08:29.151489+00:00
813646552,1 SBX AS,AS,Active / Operating,CURRENT,68.200,Utleie av egen eller leid fast eiendom,,,Børge Einar Skogvoll,126100.0,NOK,2025,2026-09-14T10:08:12.817399+00:00
930278173,2 SETER HOLDING AS,AS,Active / Operating,CURRENT,00.000,Uoppgitt,,,,,NOK,,2026-09-14T10:08:21.215077+00:00
821469422,2TAURUS AS,AS,Active / Operating,CURRENT,70.200,Bedriftsrådgivning og annen administrativ rådgivning,,,,,NOK,,2026-09-14T10:08:25.221218+00:00
837628202,3H BYGG TJENESTER AS,AS,Active / Operating,CURRENT,41.000,Oppføring av bygninger,,,,,NOK,,2026-09-14T10:08:29.151489+00:00
914466946,1 SKRITT FORAN AS,AS,Active / Operating,CURRENT,85.597,Annen undervisning ellers,,Henning Eriksen,Henning Eriksen,932316.0,NOK,2025,2026-09-14T10:08:12.820914+00:00
888973192,2 SIKRE AS,AS,Active / Operating,CURRENT,71.129,Annen teknisk konsulentvirksomhet,,,,,NOK,,2026-09-14T10:08:21.215077+00:00
988931187,2TEA AS,AS,Active / Operating,CURRENT,68.200,Utleie av egen eller leid fast eiendom,,,,,NOK,,2026-09-14T10:08:25.221218+00:00
925012890,3H CONSULTING & INVESTMENT AS,AS,Active / Operating,CURRENT,70.200,Bedriftsrådgivning og annen administrativ rådgivning,,,,,NOK,,2026-09-14T10:08:29.151489+00:00
920641172,1 TIME AS,AS,Active / Operating,CURRENT,70.200,Bedriftsrådgivning og annen administrativ rådgivning,,Jon-Terje Lepsøy,Jon-Terje Lepsøy,,NOK,2025,2026-09-14T10:08:12.817399+00:00
992357010,2 SNØMENN AS,AS,Active / Operating,CURRENT,43.222,"Kuldeanlegg-, varmepumpearbeid og installasjon av peiser",,,,,NOK,,2026-09-14T10:08:21.215077+00:00
914512832,2TEC AS,AS,Active / Operating,CURRENT,25.530,Bearbeiding av metaller,,,,,NOK,,2026-09-14T10:08:25.221218+00:00
990317216,3H EIENDOM AS,AS,Active / Operating,CURRENT,68.200,Utleie av egen eller leid fast eiendom,,,,,NOK,,2026-09-14T10:08:29.151489+00:00
935751837,1 ØRE AS,AS,Active / Operating,CURRENT,47.790,Detaljhandel med brukte varer,,Jonas Fredrik Roland Andersson,Jonas Fredrik Roland Andersson,146481.0,NOK,2025,2026-09-14T10:08:13.047853+00:00
912590178,2 SOLER AS,AS,Active / Operating,CURRENT,47.520,"Detaljhandel med jernvarer, byggevarer, fargevarer og glass",,,,,NOK,,2026-09-14T10:08:21.215077+00:00
915454690,2TEM AS,AS,Active / Operating,CURRENT,64.323,Andre egeninvesteringsselskaper,,,,,NOK,,2026-09-14T10:08:25.222224+00:00
935297362,3H GROUP AS,AS,Active / Operating,CURRENT,68.200,Utleie av egen eller leid fast eiendom,,,,,NOK,,2026-09-14T10:08:29.151489+00:00
930819956,1-2-3 BYGG OG MONTASJESERVICE AS,AS,Active / Operating,CURRENT,43.320,Snekkerarbeid,,Ola Andreas Jönsson,Ola Andreas Jönsson,20066.0,NOK,2025,2026-09-14T10:08:13.051849+00:00
936855814,2 STRØK AS,AS,Active / Operating,CURRENT,43.330,Gulvlegging og tapetsering,,,,,NOK,,2026-09-14T10:08:21.215077+00:00
989106651,2TEX AS,AS,Active / Operating,CURRENT,64.323,Andre egeninvesteringsselskaper,,,,,NOK,,2026-09-14T10:08:25.222224+00:00
988899194,3H HOLDING AS,AS,Active / Operating,CURRENT,68.200,Utleie av egen eller leid fast eiendom,,,,,NOK,,2026-09-14T10:08:29.152484+00:00
999413706,1-2-3 BYGG VEST AS,AS,Active / Operating,CURRENT,41.000,Oppføring av bygninger,,Vaidas Vaicas,Jurgita Vaiciene,993760.0,NOK,2025,2026-09-14T10:08:13.061897+00:00
911712490,2 TOMM 4 AS,AS,Active / Operating,CURRENT,41.000,Oppføring av bygninger,,,,,NOK,,2026-09-14T10:08:21.215077+00:00
934630122,2TG EVENT AS,AS,Active / Operating,CURRENT,47.120,Detaljhandel med bredt vareutvalg ellers,,,,,NOK,,2026-09-14T10:08:25.222224+00:00
928248674,3H INDUSTRIER AS,AS,Active / Operating,CURRENT,00.000,Uoppgitt,,,,,NOK,,2026-09-14T10:08:29.152484+00:00
992632828,1-2-3 OPPLÆRING AS,AS,Active / Operating,CURRENT,85.531,Undervisning ved godkjente trafikkskoler,,Merete Skjold,Merete Skjold,9549307.0,NOK,2025,2026-09-14T10:08:13.063404+00:00
916052553,2 UNDER PAR AS,AS,Active / Operating,CURRENT,47.631,Detaljhandel med sportsvarer,,,,,NOK,,2026-09-14T10:08:21.216086+00:00
925703427,2THOM AS,AS,Active / Operating,CURRENT,68.120,Utvikling og salg av byggeprosjekter,,,,,NOK,,2026-09-14T10:08:25.222224+00:00
924300019,3HNM AS,AS,Active / Operating,CURRENT,43.340,Maler- og glassarbeid,,,,,NOK,,2026-09-14T10:08:29.152484+00:00
938210888,1-2-TRE AS,AS,Active / Operating,CURRENT,43.320,Snekkerarbeid,,Benjamin Che,Benjamin Che,388299.0,NOK,2025,2026-09-14T10:08:13.064412+00:00
922231184,2 XR HOLDING AS,AS,Active / Operating,CURRENT,00.000,Uoppgitt,,,,,NOK,,2026-09-14T10:08:21.216086+00:00
924435496,2THRIVE AS,AS,Active / Operating,CURRENT,47.920,Formidlingstjenester tilknyttet detaljhandel med spesialisert vareutvalg,,,,,NOK,,2026-09-14T10:08:25.222737+00:00
998156025,3HUS AS,AS,Active / Operating,CURRENT,41.000,Oppføring av bygninger,,,,,NOK,,2026-09-14T10:08:29.152484+00:00
927152622,2-4 BYGG AS,AS,Active / Operating,CURRENT,68.120,Utvikling og salg av byggeprosjekter,,,,,NOK,,2026-09-14T10:08:21.216086+00:00
935834090,2VRØSKAFT AS,AS,Active / Operating,CURRENT,71.129,Annen teknisk konsulentvirksomhet,,,,,NOK,,2026-09-14T10:08:25.222737+00:00
919712562,3HUS HOLDING AS,AS,Active / Operating,CURRENT,68.110,Kjøp og salg av egen fast eiendom,,,,,NOK,,2026-09-14T10:08:29.152484+00:00
922767947,2U MOTION AS,AS,Active / Operating,CURRENT,85.510,Undervisning innenfor idrett og rekreasjon,,,,,NOK,,2026-09-14T10:08:25.222737+00:00
888349472,2-BIZ NORWAY AS,AS,Active / Operating,CURRENT,46.420,Engroshandel med klær og skotøy,,,,,NOK,,2026-09-14T10:08:21.217094+00:00
930466093,1-3 MILJØ AS,AS,Active / Operating,CURRENT,46.640,Engroshandel med maskiner og utstyr ellers,,Oddgeir Johnsen,Tor-Jonny Johnsen,66547.0,NOK,2025,2026-09-14T10:08:13.299654+00:00
911634120,2-HAND INTERNATIONAL MACHINERY AND PRODUCTION EQUIPMENT AS,AS,Active / Operating,CURRENT,46.610,Engroshandel med maskiner og utstyr til jordbruk og skogbruk,,,,,NOK,,2026-09-14T10:08:21.217094+00:00
925536792,2VS INVEST AS,AS,Active / Operating,CURRENT,38.110,Innsamling av ikke-farlig avfall,,,,,NOK,,2026-09-14T10:08:25.222737+00:00
934101138,3I KAPITAL AS,AS,Active / Operating,CURRENT,00.000,Uoppgitt,,,,,NOK,,2026-09-14T10:08:29.153486+00:00
917907412,1-VENN AS,AS,Active / Operating,CURRENT,56.110,Drift av restauranter,,Hoang Quoc Thao Nguyen,Van Toan Le,430154.0,NOK,2025,2026-09-14T10:08:13.300649+00:00
999551807,2-VENTURE AS,AS,Active / Operating,CURRENT,71.129,Annen teknisk konsulentvirksomhet,,,,,NOK,,2026-09-14T10:08:21.217094+00:00
924573449,2WB TRADING AS,AS,Active / Operating,CURRENT,00.000,Uoppgitt,,,,,NOK,,2026-09-14T10:08:25.223747+00:00
921380542,3I3NDOM AS,AS,Active / Operating,CURRENT,73.110,Reklamebyråvirksomhet,,,,,NOK,,2026-09-14T10:08:29.153486+00:00
925995711,"1,5 ADVOKATFIRMA AS",AS,Active / Operating,CURRENT,69.100,Juridisk tjenesteyting,,Jens Furuseth Naas-Bibow,Jens Furuseth Naas-Bibow,3278164.0,NOK,2025,2026-09-14T10:08:13.301808+00:00
926962000,2.0 INVEST AS,AS,Active / Operating,CURRENT,73.110,Reklamebyråvirksomhet,,,,,NOK,,2026-09-14T10:08:21.217094+00:00
937573014,3IDE-NORD AS,AS,Active / Operating,CURRENT,71.110,Arkitektvirksomhet,,,,,NOK,,2026-09-14T10:08:29.153486+00:00
832729752,2WEAR AS,AS,In Liquidation,CURRENT,47.710,Detaljhandel med klær,,,,,NOK,,2026-09-14T10:08:25.223747+00:00
928931617,"1,5 FORNYBAR AS",AS,Active / Operating,CURRENT,35.121,Produksjon av elektrisitet fra vannkraft,,Jens Furuseth Naas-Bibow,Jens Furuseth Naas-Bibow,,NOK,2025,2026-09-14T10:08:13.530996+00:00
927876604,2.0 MEDIA AS,AS,Active / Operating,CURRENT,73.110,Reklamebyråvirksomhet,,,,,NOK,,2026-09-14T10:08:21.217094+00:00
913362500,2X4 BYGG AS,AS,Active / Operating,CURRENT,41.000,Oppføring av bygninger,,,,,NOK,,2026-09-14T10:08:25.223747+00:00
929395239,3INTERIØR AS,AS,Active / Operating,CURRENT,47.559,Detaljhandel med innredningsartikler ikke nevnt annet sted,,,,,NOK,,2026-09-14T10:08:29.153486+00:00
990728186,"1,5 HOLDING AS",AS,Active / Operating,CURRENT,02.200,Avvirkning,,,Jens Furuseth Naas-Bibow,0.0,NOK,2025,2026-09-14T10:08:13.532011+00:00
920679102,2XH CONSULTING AS,AS,Active / Operating,CURRENT,70.200,Bedriftsrådgivning og annen administrativ rådgivning,,,,,NOK,,2026-09-14T10:08:25.223747+00:00
830496882,2.EDITION AS,AS,Active / Operating,CURRENT,73.110,Reklamebyråvirksomhet,,,,,NOK,,2026-09-14T10:08:21.218101+00:00
932762595,2XA SOLUTIONS AS,AS,Active / Operating,CURRENT,49.410,Godstransport på vei,,,,,NOK,,2026-09-14T10:08:25.223747+00:00
929522710,3ISO AS,AS,Active / Operating,CURRENT,43.230,Installasjon av isoleringsmateriale,,,,,NOK,,2026-09-14T10:08:29.153994+00:00
990727333,"1,5 INVEST AS",AS,Active / Operating,CURRENT,68.200,Utleie av egen eller leid fast eiendom,,,Jens Furuseth Naas-Bibow,360000.0,NOK,2025,2026-09-14T10:08:13.538070+00:00
937027796,2.ETG AS,AS,Active / Operating,CURRENT,56.300,Drift av barer,,,,,NOK,,2026-09-14T10:08:21.218101+00:00
924605928,3J CONSULTING AS,AS,Active / Operating,CURRENT,62.200,Konsulentvirksomhet tilknyttet informasjonsteknologi og forvaltning og drift av it-systemer,,,,,NOK,,2026-09-14T10:08:29.153994+00:00
936608612,1. ETASJE AS,AS,Active / Operating,CURRENT,70.200,Bedriftsrådgivning og annen administrativ rådgivning,,Erlend Sevaldson Moe,Erlend Sevaldson Moe,0.0,NOK,2025,2026-09-14T10:08:13.539069+00:00
928644278,20 DEGREES HOLDING AS,AS,Active / Operating,CURRENT,62.100,Dataprogrammeringstjenester,,,,,NOK,,2026-09-14T10:08:21.218101+00:00
926034936,2XH.NO AS,AS,Active / Operating,CURRENT,68.200,Utleie av egen eller leid fast eiendom,,,,,NOK,,2026-09-14T10:08:25.223747+00:00
925183628,3J HOLDING AS,AS,Active / Operating,CURRENT,43.223,Ventilasjonsarbeid,,,,,NOK,,2026-09-14T10:08:29.153994+00:00
916353790,1.618 GROUP AS,AS,Active / Operating,CURRENT,86.993,Andre helsetjenester ellers,,,Elena Aristoff,684200.0,NOK,2025,2026-09-14T10:08:13.539069+00:00
923467165,20/20 PICTURES AS,AS,Active / Operating,CURRENT,59.110,"Produksjon av film, video og fjernsynsprogrammer",,,,,NOK,,2026-09-14T10:08:21.218101+00:00
916884400,2XHOLEN CONSULTING AS,AS,Active / Operating,CURRENT,62.200,Konsulentvirksomhet tilknyttet informasjonsteknologi og forvaltning og drift av it-systemer,,,,,NOK,,2026-09-14T10:08:25.223747+00:00
989894188,3J INVEST AS,AS,Active / Operating,CURRENT,70.200,Bedriftsrådgivning og annen administrativ rådgivning,,,,,NOK,,2026-09-14T10:08:29.153994+00:00
928654702,1.618 MEDICA AS,AS,Active / Operating,CURRENT,86.210,Allmennlegetjenester,,,Michael Sovershaev,1079510.0,NOK,2025,2026-09-14T10:08:13.769861+00:00
934445724,2001 VENTURES AS,AS,Active / Operating,CURRENT,62.100,Dataprogrammeringstjenester,,,,,NOK,,2026-09-14T10:08:21.219101+00:00
915382460,2XM INVEST AS,AS,Active / Operating,CURRENT,93.130,Treningssentervirksomhet,,,,,NOK,,2026-09-14T10:08:25.223747+00:00
938103836,3J UTVIKLING AS,AS,Active / Operating,CURRENT,68.110,Kjøp og salg av egen fast eiendom,,,,,NOK,,2026-09-14T10:08:29.154498+00:00
999142389,1'ST VISUALS AS,AS,Active / Operating,CURRENT,74.120,Grafisk design og visuell kommunikasjonsdesign,,,Petter Horneland,77500.0,NOK,2025,2026-09-14T10:08:15.068653+00:00
832240842,2011 HOLDING AS,AS,Active / Operating,CURRENT,43.210,Elektrisk installasjonsarbeid,,,,,NOK,,2026-09-14T10:08:21.219101+00:00
937198728,2XMEA HOLDING AS,AS,Active / Operating,CURRENT,00.000,Uoppgitt,,,,,NOK,,2026-09-14T10:08:25.223747+00:00
917033242,3K BYGG AS,AS,Active / Operating,CURRENT,71.121,Byggeteknisk konsulentvirksomhet,,,,,NOK,,2026-09-14T10:08:29.154498+00:00
830006672,1% FESTENYTT AS,AS,Active / Operating,CURRENT,68.200,Utleie av egen eller leid fast eiendom,,,Trygve Valeur Botnen,0.0,NOK,2025,2026-09-14T10:08:15.063650+00:00
911797992,2013 CONSULTING AS,AS,Active / Operating,CURRENT,62.200,Konsulentvirksomhet tilknyttet informasjonsteknologi og forvaltning og drift av it-systemer,,,,,NOK,,2026-09-14T10:08:21.219101+00:00
925611719,2XML AS,AS,Active / Operating,CURRENT,00.000,Uoppgitt,,,,,NOK,,2026-09-14T10:08:25.224757+00:00
919828803,3K EIENDOM NORGE AS,AS,Active / Operating,CURRENT,68.200,Utleie av egen eller leid fast eiendom,,,,,NOK,,2026-09-14T10:08:29.154498+00:00
999292364,1+1 ARCHITECTS AS,AS,Active / Operating,CURRENT,71.110,Arkitektvirksomhet,,Henriette Schumann-Andersen,Camilla Schumann-Andersen,,NOK,2025,2026-09-14T10:08:15.064679+00:00
915919936,2015 EIENDOM AS,AS,Active / Operating,CURRENT,68.200,Utleie av egen eller leid fast eiendom,,,,,NOK,,2026-09-14T10:08:21.220100+00:00
928604918,2XP GAMES AS,AS,Active / Operating,CURRENT,62.100,Dataprogrammeringstjenester,,,,,NOK,,2026-09-14T10:08:25.224757+00:00
989127918,3K HOLDING AS,AS,Active / Operating,CURRENT,68.110,Kjøp og salg av egen fast eiendom,,,,,NOK,,2026-09-14T10:08:29.155076+00:00
987605197,2018 EIENDOM AS,AS,Active / Operating,CURRENT,68.200,Utleie av egen eller leid fast eiendom,,,,,NOK,,2026-09-14T10:08:21.220100+00:00
811599492,2Ø SERVICE AS,AS,In Liquidation,CURRENT,78.200,Utleie av arbeidskraft og andre personaladministrative tjenester,,,,,NOK,,2026-09-14T10:08:25.224757+00:00
988395544,3K KONSULT AS,AS,Active / Operating,CURRENT,72.200,Forskning og eksperimentell utvikling innenfor samfunnsvitenskap og humanistiske fag,,,,,NOK,,2026-09-14T10:08:29.155076+00:00
919200871,10 MASKIN AS,AS,Active / Operating,CURRENT,77.210,Utleie og leasing av sports- og fritidsutstyr,,,Tor Inge Lillestøl,247722.0,NOK,2025,2026-09-14T10:08:15.070657+00:00
928949648,2020 BULKERS SANDEFJORD AS,AS,In Liquidation,CURRENT,50.201,Utenriks sjøfart med gods,,,,,NOK,,2026-09-14T10:08:21.220100+00:00
831512822,2AASEN AS,AS,Active / Operating,CURRENT,70.200,Bedriftsrådgivning og annen administrativ rådgivning,,,,,NOK,,2026-09-14T10:08:25.224757+00:00
930717274,3K6 SKOGINVEST AS,AS,In Liquidation,CURRENT,64.312,Alternative investeringsfond (aif) som ikke er verdipapirfond,,,,,NOK,,2026-09-14T10:08:29.155076+00:00
911709163,10 X HOLDING AS,AS,Active / Operating,CURRENT,46.420,Engroshandel med klær og skotøy,,Bendik Brusdal,Bendik Brusdal,,NOK,2025,2026-09-14T10:08:15.302313+00:00
986997903,3 - BYGG HOLDING AS,AS,Active / Operating,CURRENT,70.200,Bedriftsrådgivning og annen administrativ rådgivning,,,,,NOK,,2026-09-14T10:08:25.224757+00:00
828949632,2020 BULKERS SANTIAGO AS,AS,Active / Operating,CURRENT,50.201,Utenriks sjøfart med gods,,,,,NOK,,2026-09-14T10:08:21.220100+00:00
916053770,10%BERLIN AS,AS,Active / Operating,CURRENT,68.120,Utvikling og salg av byggeprosjekter,,,Ole Christian Skaadel,0.0,NOK,2025,2026-09-14T10:08:15.306832+00:00
929806182,3KB-TECH AS,AS,Active / Operating,CURRENT,71.129,Annen teknisk konsulentvirksomhet,,,,,NOK,,2026-09-14T10:08:29.155076+00:00
928949575,2020 BULKERS SAO PAULO AS,AS,Active / Operating,CURRENT,50.201,Utenriks sjøfart med gods,,,,,NOK,,2026-09-14T10:08:21.220100+00:00
990171025,3 - HUS FOLLO AS,AS,Active / Operating,CURRENT,68.200,Utleie av egen eller leid fast eiendom,,,,,NOK,,2026-09-14T10:08:25.225757+00:00
947246852,3 - BYGGMESTER AS,AS,Active / Operating,CURRENT,41.000,Oppføring av bygninger,,,,,NOK,,2026-09-14T10:08:25.225757+00:00
997849000,3KT DRIFT AS,AS,Active / Operating,CURRENT,68.200,Utleie av egen eller leid fast eiendom,,,,,NOK,,2026-09-14T10:08:29.155076+00:00
928949567,2020 BULKERS SANTOS AS,AS,Active / Operating,CURRENT,50.201,Utenriks sjøfart med gods,,,,,NOK,,2026-09-14T10:08:21.220100+00:00
932589664,3KH INVEST AS,AS,Active / Operating,CURRENT,64.323,Andre egeninvesteringsselskaper,,,,,NOK,,2026-09-14T10:08:29.155076+00:00
918345418,3KON AS,AS,Active / Operating,CURRENT,62.200,Konsulentvirksomhet tilknyttet informasjonsteknologi og forvaltning og drift av it-systemer,,,,,NOK,,2026-09-14T10:08:29.155076+00:00
928949605,2020 BULKERS SHENZHEN AS,AS,Active / Operating,CURRENT,50.201,Utenriks sjøfart med gods,,,,,NOK,,2026-09-14T10:08:21.221095+00:00
997947967,100 % PAULSEN AS,AS,Active / Operating,CURRENT,41.000,Oppføring av bygninger,,Ednar Paulsen,Ednar Paulsen,2355031.0,NOK,2025,2026-09-14T10:08:15.307852+00:00
936253849,3 AMIGOS AS,AS,Active / Operating,CURRENT,56.110,Drift av restauranter,,,,,NOK,,2026-09-14T10:08:25.225757+00:00
932917726,100 DAYS AS,AS,Active / Operating,CURRENT,85.597,Annen undervisning ellers,,,Anne Ingrid Carvalho Sørbotten Heyerdahl,13332.0,NOK,2025,2026-09-14T10:08:15.562207+00:00
928949583,2020 BULKERS SYDNEY AS,AS,Active / Operating,CURRENT,50.201,Utenriks sjøfart med gods,,,,,NOK,,2026-09-14T10:08:21.221095+00:00
934168429,3 B TVEITE AS,AS,Active / Operating,CURRENT,68.200,Utleie av egen eller leid fast eiendom,,,,,NOK,,2026-09-14T10:08:25.225757+00:00
991517081,3L EIENDOM AS,AS,Active / Operating,CURRENT,68.200,Utleie av egen eller leid fast eiendom,,,,,NOK,,2026-09-14T10:08:29.155076+00:00
930156418,2020 CONSULTING AS,AS,Active / Operating,CURRENT,82.200,Telefonvakttjenester og telefonsalg,,,,,NOK,,2026-09-14T10:08:22.040162+00:00
994084232,100 METER SKOGEN AS,AS,Active / Operating,CURRENT,00.000,Uoppgitt,,Irina Jonsson,Irina Jonsson,3000.0,NOK,2025,2026-09-14T10:08:15.564355+00:00
932580438,3 BIRDS AS,AS,Active / Operating,CURRENT,79.902,Guide- og reiseledervirksomhet,,,,,NOK,,2026-09-14T10:08:25.225757+00:00
993230898,3L INVEST AS,AS,Active / Operating,CURRENT,68.200,Utleie av egen eller leid fast eiendom,,,,,NOK,,2026-09-14T10:08:29.156086+00:00
932612976,100 MILE AS,AS,Active / Operating,CURRENT,00.000,Uoppgitt,,,Timon Andre Linderud,,NOK,2025,2026-09-14T10:08:15.564355+00:00
934485947,2020 FINANS AS,AS,Active / Operating,CURRENT,00.000,Uoppgitt,,,,,NOK,,2026-09-14T10:08:22.041161+00:00
934649214,3 BRØDRE AS,AS,Active / Operating,CURRENT,56.110,Drift av restauranter,,,,,NOK,,2026-09-14T10:08:25.225757+00:00
990569983,3L-INVEST AS,AS,Active / Operating,CURRENT,68.200,Utleie av egen eller leid fast eiendom,,,,,NOK,,2026-09-14T10:08:29.156086+00:00
929273540,2020 HOLDING AS,AS,Active / Operating,CURRENT,00.000,Uoppgitt,,,,,NOK,,2026-09-14T10:08:22.041161+00:00
948132516,3 BYGG AS,AS,Active / Operating,CURRENT,43.320,Snekkerarbeid,,,,,NOK,,2026-09-14T10:08:25.225757+00:00
934626796,3LARS AS,AS,Active / Operating,CURRENT,00.000,Uoppgitt,,,,,NOK,,2026-09-14T10:08:29.156086+00:00
927548380,100.XYZ AS,AS,Active / Operating,CURRENT,62.200,Konsulentvirksomhet tilknyttet informasjonsteknologi og forvaltning og drift av it-systemer,,Andre Lucas Carvalho,Andre Lucas Carvalho,0.0,NOK,2025,2026-09-14T10:08:15.567368+00:00
995188961,2020PARK 01 AS,AS,Active / Operating,CURRENT,68.200,Utleie av egen eller leid fast eiendom,,,,,NOK,,2026-09-14T10:08:22.041161+00:00
929777247,3LC.AI AS,AS,Active / Operating,CURRENT,62.100,Dataprogrammeringstjenester,,,,,NOK,,2026-09-14T10:08:29.156086+00:00
987582715,2020PARK AS,AS,Active / Operating,CURRENT,68.200,Utleie av egen eller leid fast eiendom,,,,,NOK,,2026-09-14T10:08:22.041161+00:00
976842197,3 BYGG MESTER EIENDOM AS,AS,Active / Operating,CURRENT,68.110,Kjøp og salg av egen fast eiendom,,,,,NOK,,2026-09-14T10:08:25.225757+00:00
923029478,3LP INVEST AS,AS,Active / Operating,CURRENT,00.000,Uoppgitt,,,,,NOK,,2026-09-14T10:08:29.156086+00:00
930829064,100% HOLDING AS,AS,Active / Operating,CURRENT,00.000,Uoppgitt,,Carl Johan Raugstad,Carl Johan Raugstad,0.0,NOK,2025,2026-09-14T10:08:15.564355+00:00
813390922,2021 EIENDOM AS,AS,Active / Operating,CURRENT,68.120,Utvikling og salg av byggeprosjekter,,,,,NOK,,2026-09-14T10:08:22.042161+00:00
988396680,3LP NORGE AS,AS,Active / Operating,CURRENT,68.110,Kjøp og salg av egen fast eiendom,,,,,NOK,,2026-09-14T10:08:29.156086+00:00
924790822,100% LYD AS,AS,Active / Operating,CURRENT,90.390,Andre tjenester tilknyttet kunstnerisk virksomhet og underholdningsvirksomhet,,Per Egil Nygård,Kenneth Gustavsen,678488.0,NOK,2025,2026-09-14T10:08:15.831895+00:00
929337557,2040 NORWAY AS,AS,Active / Operating,CURRENT,46.500,Engroshandel med informasjons- og kommunikasjonsteknologiutstyr,,,,,NOK,,2026-09-14T10:08:22.042161+00:00
988882461,3 CA HOLDING AS,AS,Active / Operating,CURRENT,43.221,Rørleggerarbeid,,,,,NOK,,2026-09-14T10:08:25.227267+00:00
924446021,3M AUTOSPORT AS,AS,Active / Operating,CURRENT,47.810,Detaljhandel med motorvogner,,,,,NOK,,2026-09-14T10:08:29.156086+00:00
934341988,2042 INVESTMENTS AS,AS,Active / Operating,CURRENT,64.323,Andre egeninvesteringsselskaper,,,,,NOK,,2026-09-14T10:08:22.042161+00:00
934179005,3 D FORM AS,AS,Active / Operating,CURRENT,32.990,Annen industriproduksjon ikke nevnt annet sted,,,,,NOK,,2026-09-14T10:08:25.227267+00:00
923579982,100% REGNSKAP AS,AS,Active / Operating,CURRENT,69.202,Regnskapsføring og bokføring,,Marit Alise Schjødt,Marit Alise Schjødt,1169388.0,NOK,2025,2026-09-14T10:08:15.831895+00:00
935198194,2048 RELAX AS,AS,Active / Operating,CURRENT,70.200,Bedriftsrådgivning og annen administrativ rådgivning,,,,,NOK,,2026-09-14T10:08:22.042161+00:00
931702610,3 DØTRE AS,AS,Active / Operating,CURRENT,73.110,Reklamebyråvirksomhet,,,,,NOK,,2026-09-14T10:08:25.227267+00:00
913592220,3M EIENDOM AS,AS,Active / Operating,CURRENT,68.200,Utleie av egen eller leid fast eiendom,,,,,NOK,,2026-09-14T10:08:29.157089+00:00
926156462,1000 BOLIG AS,AS,Active / Operating,CURRENT,68.110,Kjøp og salg av egen fast eiendom,,Elvinas Urbonavicius,Elvinas Urbonavicius,116800.0,NOK,2025,2026-09-14T10:08:15.833403+00:00
937364377,2050 FURNITURE AS,AS,Active / Operating,CURRENT,31.000,Produksjon av møbler,,,,,NOK,,2026-09-14T10:08:22.042161+00:00
935922097,3M GROUP HOLDING AS,AS,Active / Operating,CURRENT,00.000,Uoppgitt,,,,,NOK,,2026-09-14T10:08:29.157089+00:00
931788043,1000 BYGG SERVICE AS,AS,Active / Operating,CURRENT,43.990,Annen spesialisert bygge- og anleggsvirksomhet ikke nevnt annet sted,,Diana Jakucinskiene,Diana Jakucinskiene,2715767.0,NOK,2025,2026-09-14T10:08:16.058485+00:00
928155242,2050 KAPITAL AS,AS,Active / Operating,CURRENT,00.000,Uoppgitt,,,,,NOK,,2026-09-14T10:08:22.042161+00:00
932224720,3 F MANAGEMENT AS,AS,Active / Operating,CURRENT,68.200,Utleie av egen eller leid fast eiendom,,,,,NOK,,2026-09-14T10:08:26.077388+00:00
998800684,3M HOLDING AS,AS,Active / Operating,CURRENT,68.200,Utleie av egen eller leid fast eiendom,,,,,NOK,,2026-09-14T10:08:29.157089+00:00
868260912,1000 MILE NORGE AS,AS,Active / Operating,CURRENT,47.631,Detaljhandel med sportsvarer,,Tollak Ingard Leidland,Tollak Ingard Leidland,53695.0,NOK,2025,2026-09-14T10:08:16.070055+00:00
925208213,1001 EVENTYR AS,AS,Active / Operating,CURRENT,74.110,"Industri-, produkt- og motedesignvirksomhet",,Tord Ludvigsen,Tord Ludvigsen,130125.0,NOK,2025,2026-09-14T10:08:16.076588+00:00
928787370,20SEVEN HOLDING AS,AS,Active / Operating,CURRENT,68.320,Eiendomsforvaltning på oppdrag,,,,,NOK,,2026-09-14T10:08:22.042161+00:00
923783091,3 G BYGG AS,AS,Active / Operating,CURRENT,41.000,Oppføring av bygninger,,,,,NOK,,2026-09-14T10:08:26.077388+00:00
930387487,1000VIKA SERVICE AS,AS,Active / Operating,CURRENT,78.200,Utleie av arbeidskraft og andre personaladministrative tjenester,,Tor Mainer Bergersen,Tor Mainer Bergersen,0.0,NOK,2025,2026-09-14T10:08:16.076588+00:00
928051676,3M SOLUTIONS AS,AS,Active / Operating,CURRENT,62.100,Dataprogrammeringstjenester,,,,,NOK,,2026-09-14T10:08:29.157892+00:00
930578592,3 HOLDING AS,AS,Active / Operating,CURRENT,00.000,Uoppgitt,,,,,NOK,,2026-09-14T10:08:26.077388+00:00
919043903,21 GRAMS AS,AS,Active / Operating,CURRENT,62.200,Konsulentvirksomhet tilknyttet informasjonsteknologi og forvaltning og drift av it-systemer,,,,,NOK,,2026-09-14T10:08:22.042161+00:00
930808458,3 HOLDING II AS,AS,Active / Operating,CURRENT,00.000,Uoppgitt,,,,,NOK,,2026-09-14T10:08:26.077388+00:00
922184518,3M3A GLOBAL AS,AS,Active / Operating,CURRENT,73.200,Markeds- og opinionsundersøkelser,,,,,NOK,,2026-09-14T10:08:29.157892+00:00
925531413,20TWENTY AS,AS,Active / Operating,CURRENT,62.200,Konsulentvirksomhet tilknyttet informasjonsteknologi og forvaltning og drift av it-systemer,,,,,NOK,,2026-09-14T10:08:22.042161+00:00
923082891,21-5 NORGE AS,AS,Active / Operating,CURRENT,68.120,Utvikling og salg av byggeprosjekter,,,,,NOK,,2026-09-14T10:08:22.042161+00:00
936202098,3 INFRA AS,AS,Active / Operating,CURRENT,70.200,Bedriftsrådgivning og annen administrativ rådgivning,,,,,NOK,,2026-09-14T10:08:26.078386+00:00
923800646,3MA HOLDING AS,AS,Active / Operating,CURRENT,86.993,Andre helsetjenester ellers,,,,,NOK,,2026-09-14T10:08:29.158401+00:00
934663365,1009 INVEST AS,AS,Active / Operating,CURRENT,00.000,Uoppgitt,,Subhash Chandra Soni,Subhash Chandra Soni,,NOK,,2026-09-14T10:08:16.302017+00:00
922255245,2104EVENTSBY JOSE AS,AS,Active / Operating,CURRENT,68.200,Utleie av egen eller leid fast eiendom,,,,,NOK,,2026-09-14T10:08:22.043668+00:00
933860523,3 J EIENDOM AS,AS,Active / Operating,CURRENT,68.200,Utleie av egen eller leid fast eiendom,,,,,NOK,,2026-09-14T10:08:26.078386+00:00
933648737,3MAST HOLDING AS,AS,Active / Operating,CURRENT,69.201,Revisjon,,,,,NOK,,2026-09-14T10:08:29.158401+00:00
936978843,100BIRDIES AS,AS,Active / Operating,CURRENT,93.190,Sportsaktiviteter ikke nevnt annet sted,,Henric Sigvard Bjelke,Henric Sigvard Bjelke,,NOK,,2026-09-14T10:08:16.356451+00:00
926808761,2165 HOLDING AS,AS,Active / Operating,CURRENT,68.110,Kjøp og salg av egen fast eiendom,,,,,NOK,,2026-09-14T10:08:22.043668+00:00
919734337,3 LAB AS,AS,Active / Operating,CURRENT,31.000,Produksjon av møbler,,,,,NOK,,2026-09-14T10:08:26.078386+00:00
821955092,3MQ NORGE AS,AS,Active / Operating,CURRENT,53.200,Andre post- og budtjenester,,,,,NOK,,2026-09-14T10:08:29.158401+00:00
916252773,3MT ENGINEERING AS,AS,Active / Operating,CURRENT,71.129,Annen teknisk konsulentvirksomhet,,,,,NOK,,2026-09-14T10:08:29.158401+00:00
927535866,100METERSKOGEN BOLIG AS,AS,Active / Operating,CURRENT,68.120,Utvikling og salg av byggeprosjekter,,Gunnar Dysjaland,Merete Eik,,NOK,2025,2026-09-14T10:08:16.357448+00:00
920713378,21ST COMPANY AS,AS,Active / Operating,CURRENT,74.110,"Industri-, produkt- og motedesignvirksomhet",,,,,NOK,,2026-09-14T10:08:22.043668+00:00
933875938,3 LIONS CONSULT AS,AS,Active / Operating,CURRENT,68.110,Kjøp og salg av egen fast eiendom,,,,,NOK,,2026-09-14T10:08:26.078386+00:00
995856182,3MT COMMUNICATIONS AS,AS,Active / Operating,CURRENT,62.200,Konsulentvirksomhet tilknyttet informasjonsteknologi og forvaltning og drift av it-systemer,,,,,NOK,,2026-09-14T10:08:29.158401+00:00
919958456,101 INVEST AS,AS,Active / Operating,CURRENT,85.531,Undervisning ved godkjente trafikkskoler,,,Cristin Stene,,NOK,2025,2026-09-14T10:08:16.358453+00:00
925005630,21ST VENTURE AS,AS,Active / Operating,CURRENT,00.000,Uoppgitt,,,,,NOK,,2026-09-14T10:08:22.043668+00:00
987633980,3 M INVEST AS,AS,Active / Operating,CURRENT,68.110,Kjøp og salg av egen fast eiendom,,,,,NOK,,2026-09-14T10:08:26.078386+00:00
923810390,101 TECH AS,AS,Active / Operating,CURRENT,62.100,Dataprogrammeringstjenester,,,Carl Marcus Dahlmo,45450.0,NOK,2025,2026-09-14T10:08:16.534431+00:00
937263686,22 GROUP AS,AS,Active / Operating,CURRENT,96.210,Frisering og barbering,,,,,NOK,,2026-09-14T10:08:22.044296+00:00
922330468,3 MILLIMETER AS,AS,Active / Operating,CURRENT,90.201,Utøvende kunstnerisk virksomhet og underholdningsvirksomhet innenfor musikk,,,,,NOK,,2026-09-14T10:08:26.079386+00:00
926155512,3MTV AS,AS,Active / Operating,CURRENT,00.000,Uoppgitt,,,,,NOK,,2026-09-14T10:08:29.158401+00:00
919388730,1018 DESIGN AS,AS,Active / Operating,CURRENT,71.110,Arkitektvirksomhet,,Evelina Danylaite,Evelina Danylaite,689248.0,NOK,2025,2026-09-14T10:08:16.594033+00:00
996682064,3 N EIENDOM AS,AS,Active / Operating,CURRENT,68.200,Utleie av egen eller leid fast eiendom,,,,,NOK,,2026-09-14T10:08:26.079386+00:00
925922900,22 INVEST AS,AS,Active / Operating,CURRENT,68.200,Utleie av egen eller leid fast eiendom,,,,,NOK,,2026-09-14T10:08:22.044845+00:00
915629504,3MW INTEGRITY AS,AS,Active / Operating,CURRENT,71.200,Teknisk prøving og analyse,,,,,NOK,,2026-09-14T10:08:29.821040+00:00
925559830,3ND EIENDOM AS,AS,Active / Operating,CURRENT,68.110,Kjøp og salg av egen fast eiendom,,,,,NOK,,2026-09-14T10:08:29.822041+00:00
937603592,22/65 EIENDOM AS,AS,Active / Operating,CURRENT,00.000,Uoppgitt,,,,,NOK,,2026-09-14T10:08:22.045586+00:00
927492555,3 N EQUITY AS,AS,Active / Operating,CURRENT,68.200,Utleie av egen eller leid fast eiendom,,,,,NOK,,2026-09-14T10:08:26.079386+00:00
921142862,3N INVEST AS,AS,Active / Operating,CURRENT,68.200,Utleie av egen eller leid fast eiendom,,,,,NOK,,2026-09-14T10:08:29.821040+00:00
922859744,1028 HYTTEDRIFT AS,AS,Active / Operating,CURRENT,36.000,"Uttak fra kilde, rensing og distribusjon av vann",,Knut Brusletto,Knut Brusletto,741744.0,NOK,2024,2026-09-14T10:08:16.598056+00:00
814968952,221 CONSULTING AS,AS,Active / Operating,CURRENT,46.900,Uspesifisert engroshandel,,,,,NOK,,2026-09-14T10:08:22.046141+00:00
938271429,2211 INVEST AS,AS,Active / Operating,CURRENT,00.000,Uoppgitt,,,,,NOK,,2026-09-14T10:08:22.046141+00:00
933380211,1045 INVEST AS,AS,Active / Operating,CURRENT,00.000,Uoppgitt,,Aleksander Eliassen,Marius Eliassen,0.0,NOK,2025,2026-09-14T10:08:16.603933+00:00
923039643,1071 CONCERN AS,AS,Active / Operating,CURRENT,62.200,Konsulentvirksomhet tilknyttet informasjonsteknologi og forvaltning og drift av it-systemer,,Kristian Syversen,Kristian Syversen,0.0,NOK,2025,2026-09-14T10:08:16.771457+00:00
931883836,222 HOLDING AS,AS,Active / Operating,CURRENT,86.992,Forebyggende helsearbeid,,,,,NOK,,2026-09-14T10:08:22.046701+00:00
993995614,3 NORSKE AS,AS,Active / Operating,CURRENT,68.200,Utleie av egen eller leid fast eiendom,,,,,NOK,,2026-09-14T10:08:26.080389+00:00
925037664,3NEVA AS,AS,Active / Operating,CURRENT,68.200,Utleie av egen eller leid fast eiendom,,,,,NOK,,2026-09-14T10:08:29.822041+00:00
923152830,1071 CONSULT AS,AS,Active / Operating,CURRENT,62.200,Konsulentvirksomhet tilknyttet informasjonsteknologi og forvaltning og drift av it-systemer,,Kristian Syversen,Kristian Syversen,0.0,NOK,2025,2026-09-14T10:08:16.833583+00:00
922926336,2226 EIENDOM AS,AS,Active / Operating,CURRENT,00.000,Uoppgitt,,,,,NOK,,2026-09-14T10:08:22.046701+00:00
912686310,3 NORSKE DESIGN GROUP AS,AS,Active / Operating,CURRENT,74.110,"Industri-, produkt- og motedesignvirksomhet",,,,,NOK,,2026-09-14T10:08:26.080389+00:00
896991752,3NOR EIENDOM AS,AS,Active / Operating,CURRENT,68.200,Utleie av egen eller leid fast eiendom,,,,,NOK,,2026-09-14T10:08:29.822041+00:00
996638707,1080 MAP AS,AS,Active / Operating,CURRENT,85.510,Undervisning innenfor idrett og rekreasjon,,Ola Eriksrud,Ola Eriksrud,175252.0,NOK,2025,2026-09-14T10:08:16.830522+00:00
928655075,223 AGENCY AS,AS,Active / Operating,CURRENT,70.200,Bedriftsrådgivning og annen administrativ rådgivning,,,,,NOK,,2026-09-14T10:08:22.046701+00:00
991545980,3 NORSKE HANDEL OG INDUSTRI AS,AS,Active / Operating,CURRENT,68.200,Utleie av egen eller leid fast eiendom,,,,,NOK,,2026-09-14T10:08:26.080389+00:00
919981962,3NOR INVEST AS,AS,Active / Operating,CURRENT,68.200,Utleie av egen eller leid fast eiendom,,,,,NOK,,2026-09-14T10:08:29.823044+00:00
933480275,2286MOH AS,AS,Active / Operating,CURRENT,71.123,Utarbeidelse av kart og oppmåling,,,,,NOK,,2026-09-14T10:08:22.047259+00:00
919509740,10BLANK AS,AS,Active / Operating,CURRENT,71.110,Arkitektvirksomhet,,Knut Arve Kittilsen,Knut Arve Kittilsen,1001745.0,NOK,2025,2026-09-14T10:08:16.836595+00:00
913159454,3 P HOLDING AS,AS,Active / Operating,CURRENT,64.323,Andre egeninvesteringsselskaper,,,,,NOK,,2026-09-14T10:08:26.080389+00:00
818786662,3NULL AS,AS,Active / Operating,CURRENT,62.100,Dataprogrammeringstjenester,,,,,NOK,,2026-09-14T10:08:29.823044+00:00
990012237,10COM AS,AS,Active / Operating,CURRENT,70.200,Bedriftsrådgivning og annen administrativ rådgivning,,Sven Arnestad,Sven Arnestad,820987.0,NOK,2025,2026-09-14T10:08:16.845276+00:00
924673273,22B MESTRING AS,AS,Active / Operating,CURRENT,56.110,Drift av restauranter,,,,,NOK,,2026-09-14T10:08:22.047259+00:00
927540290,3 P INVEST AS,AS,Active / Operating,CURRENT,00.000,Uoppgitt,,,,,NOK,,2026-09-14T10:08:26.080389+00:00
819767122,10FOLD AS,AS,Active / Operating,CURRENT,70.200,Bedriftsrådgivning og annen administrativ rådgivning,,Rolf Audun Berg,Rolf Audun Berg,64900.0,NOK,2025,2026-09-14T10:08:17.008734+00:00
935582423,22ND CENTURY BY DESIGN EUROPE AS,AS,Active / Operating,CURRENT,00.000,Uoppgitt,,,,,NOK,,2026-09-14T10:08:22.047814+00:00
937549563,10LILLEBERG AS,AS,Active / Operating,CURRENT,00.000,Uoppgitt,,Randi Kristin Lilleberg,Randi Kristin Lilleberg,,NOK,,2026-09-14T10:08:17.071589+00:00
933869172,22SAND INVEST AS,AS,Active / Operating,CURRENT,00.000,Uoppgitt,,,,,NOK,,2026-09-14T10:08:22.047814+00:00
825244042,3P - ENTREPRENØR AS,AS,Active / Operating,CURRENT,41.000,Oppføring av bygninger,,,,,NOK,,2026-09-14T10:08:29.823044+00:00
976485556,"3 PRO, PROFESJONELL PROTOTYP OG PODUKTUTVIKLING AS",AS,Active / Operating,CURRENT,71.129,Annen teknisk konsulentvirksomhet,,,,,NOK,,2026-09-14T10:08:26.081388+00:00
917359725,3P BIOTECH HOLDING AS,AS,Active / Operating,CURRENT,46.640,Engroshandel med maskiner og utstyr ellers,,,,,NOK,,2026-09-14T10:08:29.823555+00:00
936507433,10M FORMIDLING AS,AS,Active / Operating,CURRENT,85.597,Annen undervisning ellers,,Tone Waagbø Hille,Tone Waagbø Hille,3750.0,NOK,2025,2026-09-14T10:08:17.073586+00:00
923944036,231 PRODUCTIONS AS,AS,Active / Operating,CURRENT,90.202,Utøvende kunstnerisk virksomhet og underholdningsvirksomhet innenfor scenekunst,,,,,NOK,,2026-09-14T10:08:22.047814+00:00
990885656,3 Q NORGE AS,AS,Active / Operating,CURRENT,71.129,Annen teknisk konsulentvirksomhet,,,,,NOK,,2026-09-14T10:08:26.081388+00:00
992709014,3P BIOTECH NORWAY AS,AS,Active / Operating,CURRENT,46.640,Engroshandel med maskiner og utstyr ellers,,,,,NOK,,2026-09-14T10:08:29.823555+00:00
833431862,10M LIGHT SOLUTIONS AS,AS,Active / Operating,CURRENT,74.110,"Industri-, produkt- og motedesignvirksomhet",,Erlend Refsdal Thiem,Erlend Refsdal Thiem,305007.0,NOK,2025,2026-09-14T10:08:17.074093+00:00
935104785,2315 HAMAR AS,AS,Active / Operating,CURRENT,00.000,Uoppgitt,,,,,NOK,,2026-09-14T10:08:22.048345+00:00
928173569,3 SKAUG EIENDOM AS,AS,Active / Operating,CURRENT,68.200,Utleie av egen eller leid fast eiendom,,,,,NOK,,2026-09-14T10:08:26.081388+00:00
978618855,3P DISTRIBUSJON AS,AS,Active / Operating,CURRENT,46.500,Engroshandel med informasjons- og kommunikasjonsteknologiutstyr,,,,,NOK,,2026-09-14T10:08:29.823555+00:00
931352970,10MHOLDING AS,AS,Active / Operating,CURRENT,00.000,Uoppgitt,,,Tone Waagbø Hille,0.0,NOK,2025,2026-09-14T10:08:17.082110+00:00
934267923,231M CAPITAL AS,AS,Active / Operating,CURRENT,00.000,Uoppgitt,,,,,NOK,,2026-09-14T10:08:22.048345+00:00
924894997,3P GRUPPEN AS,AS,Active / Operating,CURRENT,41.000,Oppføring av bygninger,,,,,NOK,,2026-09-14T10:08:29.823555+00:00
919169494,10MILESNORTH AS,AS,Active / Operating,CURRENT,55.200,Drift av vandrerhjem og ferieleiligheter,,Christopher Heinrich Wilhelm Scheibe,Irmela Ingeborg Copray,3435637.0,NOK,2025,2026-09-14T10:08:17.249495+00:00
917538638,2322 RIL AS,AS,Active / Operating,CURRENT,47.110,Detaljhandel med bredt vareutvalg med hovedvekt på nærings- og nytelsesmidler,,,,,NOK,,2026-09-14T10:08:22.048345+00:00
826351632,3 SVERD VENTURE AS,AS,Active / Operating,CURRENT,00.000,Uoppgitt,,,,,NOK,,2026-09-14T10:08:26.082387+00:00
924940948,3P HOLDING AS,AS,Active / Operating,CURRENT,52.100,Lagring,,,,,NOK,,2026-09-14T10:08:29.823555+00:00
818874502,10NA'S FRISØR AS,AS,Active / Operating,CURRENT,96.210,Frisering og barbering,,,Tina Kalsås Størkson,1107542.0,NOK,2025,2026-09-14T10:08:17.308711+00:00
836603842,10NNN AS,AS,Active / Operating,CURRENT,62.200,Konsulentvirksomhet tilknyttet informasjonsteknologi og forvaltning og drift av it-systemer,,Nils Erik Ihlen,Thomas Kiil,,NOK,2025,2026-09-14T10:08:17.310710+00:00
938399417,234 STUDIO AS,AS,Active / Operating,CURRENT,62.100,Dataprogrammeringstjenester,,,,,NOK,,2026-09-14T10:08:22.048867+00:00
988750174,3 T BYGG HOLDING AS,AS,Active / Operating,CURRENT,68.110,Kjøp og salg av egen fast eiendom,,,,,NOK,,2026-09-14T10:08:26.082387+00:00
981580435,3 T PIRBADET AS,AS,Active / Operating,CURRENT,93.130,Treningssentervirksomhet,,,,,NOK,,2026-09-14T10:08:26.082387+00:00
924940778,3P TRANSPORT AS,AS,Active / Operating,CURRENT,53.200,Andre post- og budtjenester,,,,,NOK,,2026-09-14T10:08:29.824565+00:00
934153936,2380 INVEST AS,AS,Active / Operating,CURRENT,00.000,Uoppgitt,,,,,NOK,,2026-09-14T10:08:22.048867+00:00
932448181,3PERF AS,AS,Active / Operating,CURRENT,59.110,"Produksjon av film, video og fjernsynsprogrammer",,,,,NOK,,2026-09-14T10:08:29.824565+00:00
926389009,2380-HOLDING AS,AS,Active / Operating,CURRENT,00.000,Uoppgitt,,,,,NOK,,2026-09-14T10:08:22.049425+00:00
989149202,10X CAPITAL AS,AS,Active / Operating,CURRENT,74.990,"All annen faglig, vitenskapelig og teknisk virksomhet ikke nevnt annet sted",,,Carl Vincent Diser,,NOK,2025,2026-09-14T10:08:17.320261+00:00
912298760,3PERFECTIONS AS,AS,Active / Operating,CURRENT,62.200,Konsulentvirksomhet tilknyttet informasjonsteknologi og forvaltning og drift av it-systemer,,,,,NOK,,2026-09-14T10:08:29.824565+00:00
923138846,10X CONSULTING AS,AS,Active / Operating,CURRENT,62.200,Konsulentvirksomhet tilknyttet informasjonsteknologi og forvaltning og drift av it-systemer,,Serge Fotland,Serge Fotland,482130.0,NOK,2025,2026-09-14T10:08:17.487443+00:00
931794973,23BYGG AS,AS,Active / Operating,CURRENT,41.000,Oppføring av bygninger,,,,,NOK,,2026-09-14T10:08:22.049425+00:00
934908236,3 TAKST AS,AS,Active / Operating,CURRENT,68.320,Eiendomsforvaltning på oppdrag,,,,,NOK,,2026-09-14T10:08:26.082387+00:00
919509856,3PH INVEST AS,AS,Active / Operating,CURRENT,00.000,Uoppgitt,,,,,NOK,,2026-09-14T10:08:29.825566+00:00
997549546,10XNORTH AS,AS,Active / Operating,CURRENT,79.121,Aktiviteter utført av utflukts- og eventarrangører,,,,,NOK,,2026-09-14T10:08:18.246497+00:00
916345968,3 TS HOLDING AS,AS,Active / Operating,CURRENT,25.530,Bearbeiding av metaller,,,,,NOK,,2026-09-14T10:08:26.082387+00:00
931613448,24 BETONG AS,AS,Active / Operating,CURRENT,43.990,Annen spesialisert bygge- og anleggsvirksomhet ikke nevnt annet sted,,,,,NOK,,2026-09-14T10:08:22.049425+00:00
937528302,3PL FLOW HOLDING AS,AS,Active / Operating,CURRENT,00.000,Uoppgitt,,,,,NOK,,2026-09-14T10:08:29.825566+00:00
937079370,10XTROMSØ AS,AS,Active / Operating,CURRENT,79.902,Guide- og reiseledervirksomhet,,,,,NOK,,2026-09-14T10:08:18.246497+00:00
922737193,24 BYGG AS,AS,Active / Operating,CURRENT,41.000,Oppføring av bygninger,,,,,NOK,,2026-09-14T10:08:22.049425+00:00
937780257,3PL FLOW MIDCO AS,AS,Active / Operating,CURRENT,00.000,Uoppgitt,,,,,NOK,,2026-09-14T10:08:29.825566+00:00
934948947,11 EIENDOM AS,AS,Active / Operating,CURRENT,68.110,Kjøp og salg av egen fast eiendom,,,,,NOK,,2026-09-14T10:08:18.247515+00:00
927237652,24 CENTER AS,AS,Active / Operating,CURRENT,82.200,Telefonvakttjenester og telefonsalg,,,,,NOK,,2026-09-14T10:08:22.049976+00:00
936466117,3PL SERVICES AS,AS,Active / Operating,CURRENT,52.100,Lagring,,,,,NOK,,2026-09-14T10:08:29.825566+00:00
830861742,11:11 SKINCARE AS,AS,Active / Operating,CURRENT,47.750,Detaljhandel med kosmetikk og toalettartikler,,,,,NOK,,2026-09-14T10:08:18.247515+00:00
994786652,24 EIENDOM AS,AS,Active / Operating,CURRENT,68.200,Utleie av egen eller leid fast eiendom,,,,,NOK,,2026-09-14T10:08:22.049976+00:00
995697076,3-1 OFFSHORE AS,AS,Active / Operating,CURRENT,71.129,Annen teknisk konsulentvirksomhet,,,,,NOK,,2026-09-14T10:08:26.083385+00:00
930240427,110% MANAGEMENT AS,AS,Active / Operating,CURRENT,90.390,Andre tjenester tilknyttet kunstnerisk virksomhet og underholdningsvirksomhet,,,,,NOK,,2026-09-14T10:08:18.247515+00:00
985303770,24 FRAMES PER SECOND AS,AS,Active / Operating,CURRENT,59.110,"Produksjon av film, video og fjernsynsprogrammer",,,,,NOK,,2026-09-14T10:08:22.049976+00:00
988586404,3-BYGG AS,AS,Active / Operating,CURRENT,68.120,Utvikling og salg av byggeprosjekter,,,,,NOK,,2026-09-14T10:08:26.083891+00:00
922162719,3PRI AS,AS,Active / Operating,CURRENT,70.200,Bedriftsrådgivning og annen administrativ rådgivning,,,,,NOK,,2026-09-14T10:08:29.825566+00:00
934792203,111 HOLDING AS,AS,Active / Operating,CURRENT,47.810,Detaljhandel med motorvogner,,,,,NOK,,2026-09-14T10:08:18.248511+00:00
938088160,24 HOLDING AS,AS,Active / Operating,CURRENT,00.000,Uoppgitt,,,,,NOK,,2026-09-14T10:08:22.050522+00:00
990423539,3-BYGG FOLLO AS,AS,Active / Operating,CURRENT,68.120,Utvikling og salg av byggeprosjekter,,,,,NOK,,2026-09-14T10:08:26.083891+00:00
